Energy,O_XES
477.42482800603415,4.900467036988615e-05
477.44482800603413,4.938866239509851e-05
477.46482800603417,4.972945632760534e-05
477.48482800603415,5.003140005117161e-05
477.50482800603413,5.029879396955343e-05
477.52482800603417,5.053577929274223e-05
477.54482800603415,5.074627642563601e-05
477.56482800603413,5.093393817127141e-05
477.5848280060342,5.110212257205211e-05
477.60482800603415,5.125387867292703e-05
477.62482800603414,5.1391943057465476e-05
477.6448280060341,5.151874225251744e-05
477.66482800603416,5.163640093465992e-05
477.68482800603414,5.174675447680249e-05
477.70483800603415,5.1851416489516414e-05
477.72483800603413,5.195159235122131e-05
477.7448380060342,5.204841495351928e-05
477.76483800603415,5.2142758322121016e-05
477.78483800603414,5.2235317424309606e-05
477.8048380060342,5.232663443466179e-05
477.82483800603416,5.2417124193207025e-05
477.84483800603414,5.2507097896695454e-05
477.8648380060341,5.259678438849041e-05
477.88483800603416,5.268634864135335e-05
477.90483800603414,5.277590728338995e-05
477.9248380060341,5.286554122345492e-05
477.94483800603416,5.2955305606808926e-05
477.96483800603414,5.3045237435604304e-05
477.9848380060341,5.313536123642242e-05
478.00483800603416,5.322569318364286e-05
478.02483800603414,5.331624393639962e-05
478.0448380060341,5.340702063989647e-05
478.06483800603417,5.349802823069371e-05
478.08483800603415,5.358927027492135e-05
478.10483800603413,5.3680749498964344e-05
478.12483800603417,5.377246809749325e-05
478.14483800603415,5.3864427914824564e-05
478.16483800603413,5.3956630522118074e-05
478.18483800603417,5.404907726470292e-05
478.20483800603415,5.4141769265892627e-05
478.22484800603416,5.423475396166812e-05
478.24484800603415,5.432793909813794e-05
478.26484800603413,5.44213715621981e-05
478.28484800603417,5.451505165555378e-05
478.30484800603415,5.460897951803614e-05
478.32484800603413,5.4703155206740094e-05
478.34484800603417,5.479757871693597e-05
478.36484800603415,5.4892250064843936e-05
478.38484800603413,5.498716933970032e-05
478.4048480060342,5.508233675028835e-05
478.42484800603415,5.517775266255578e-05
478.44484800603414,5.527341762969498e-05
478.4648480060341,5.536933240479863e-05
478.48484800603416,5.546549793922197e-05
478.50484800603414,5.556191537067425e-05
478.5248480060342,5.5658586005263345e-05
478.54484800603416,5.575551132376176e-05
478.56484800603414,5.585269290836799e-05
478.5848480060341,5.595013244980385e-05
478.60484800603416,5.6047831713213716e-05
478.62484800603414,5.61457924991303e-05
478.6448480060341,5.624401661298981e-05
478.66484800603416,5.634250581972798e-05
478.68484800603414,5.644126180747728e-05
478.7048480060341,5.6540286130467624e-05
478.72484800603416,5.66395801771459e-05
478.74484800603415,5.673914512619589e-05
478.76485800603416,5.6839031911290344e-05
478.78485800603414,5.69391413931704e-05
478.8048580060341,5.703952389734578e-05
478.82485800603416,5.7140179680256966e-05
478.84485800603414,5.7241108841904046e-05
478.8648580060341,5.7342311387615895e-05
478.88485800603416,5.7443787278117446e-05
478.90485800603415,5.754553653663392e-05
478.9248580060341,5.7647559292824204e-05
478.94485800603417,5.77498558615773e-05
478.96485800603415,5.7852426778757924e-05
478.98485800603413,5.795527283751814e-05
479.00485800603417,5.805839509011565e-05
479.02485800603415,5.816179485607637e-05
479.04485800603413,5.8265473671151054e-05
479.06485800603417,5.836943326750956e-05
479.08485800603415,5.847367555490376e-05
479.10485800603414,5.857820251145514e-05
479.1248580060342,5.868301619051836e-05
479.14485800603416,5.878811864340043e-05
479.16485800603414,5.8893511882397364e-05
479.1848580060341,5.899919783425594e-05
479.20485800603416,5.910517831031497e-05
479.22485800603414,5.9211454957684576e-05
479.2448580060341,5.9318029244240795e-05
479.26485800603416,5.9424902429169774e-05
479.28485800603414,5.953207555553799e-05
479.30486800603416,5.9639603254153265e-05
479.32486800603414,5.974737866906813e-05
479.3448680060342,5.985545590659342e-05
479.36486800603416,5.996383525539618e-05
479.38486800603414,6.0072516936932445e-05
479.4048680060341,6.0181501121874796e-05
479.42486800603416,6.0290788020181884e-05
479.44486800603414,6.0400377934361464e-05
479.4648680060341,6.051027130666873e-05
479.48486800603416,6.06204687574778e-05
479.50486800603414,6.073097111617391e-05
479.5248680060341,6.084177943277917e-05
479.54486800603416,6.095289497363783e-05
479.56486800603415,6.106431920585607e-05
479.5848680060341,6.117605377496218e-05
479.60486800603417,6.128810051259342e-05
479.62486800603415,6.140046134904927e-05
479.64486800603413,6.151313832395004e-05
479.66486800603417,6.162613354902763e-05
479.68486800603415,6.173944916708017e-05
479.70486800603413,6.185308732375977e-05
479.72486800603417,6.196705012360874e-05
479.74486800603415,6.208133959888995e-05
479.76486800603413,6.219595765374619e-05
479.7848680060342,6.231090603825848e-05
479.80486800603416,6.242618630525588e-05
479.82487800603417,6.25418576803397e-05
479.84487800603415,6.265780565001643e-05
479.86487800603413,6.277408881456065e-05
479.88487800603417,6.289070785592057e-05
479.90487800603415,6.300766327311555e-05
479.92487800603413,6.31249554777883e-05
479.9448780060342,6.324258481042304e-05
479.96487800603416,6.336055163900809e-05
479.98487800603414,6.347885641759562e-05
480.0048780060341,6.359749973840298e-05
480.02487800603416,6.371648237493555e-05
480.04487800603414,6.38358053174946e-05
480.0648780060341,6.395546978830817e-05
480.08487800603416,6.407547723994068e-05
480.10487800603414,6.419582934210402e-05
480.1248780060341,6.431652796132577e-05
480.14487800603416,6.443757517387366e-05
480.16487800603414,6.45589731725918e-05
480.1848780060341,6.468072428117091e-05
480.20487800603416,6.480283091369175e-05
480.22487800603415,6.492529552795959e-05
480.2448780060341,6.504812059114635e-05
480.26487800603417,6.517130852637524e-05
480.28487800603415,6.529486167251335e-05
480.30487800603413,6.541878221632247e-05
480.32487800603417,6.554307215854794e-05
480.34487800603415,6.566773326232483e-05
480.36488800603416,6.579282963976597e-05
480.38488800603415,6.591823747554424e-05
480.4048880060341,6.604402016368254e-05
480.42488800603417,6.617017842582773e-05
480.44488800603415,6.629671280955157e-05
480.46488800603413,6.642362375910284e-05
480.48488800603417,6.655091166793845e-05
480.50488800603415,6.667857700815283e-05
480.52488800603413,6.680662037480347e-05
480.54488800603417,6.693504257976394e-05
480.56488800603415,6.70638446906785e-05
480.58488800603413,6.719302807453704e-05
480.6048880060342,6.73225943986896e-05
480.62488800603415,6.745254564456911e-05
480.64488800603414,6.758288404421478e-05
480.6648880060342,6.771361206160541e-05
480.68488800603416,6.784473237673734e-05
480.70488800603414,6.797624774786587e-05
480.7248880060341,6.81081610309186e-05
480.74488800603416,6.824047508443338e-05
480.76488800603414,6.837319272847503e-05
480.7848880060341,6.850631668976566e-05
480.80488800603416,6.863984956892261e-05
480.82488800603414,6.87737937806882e-05
480.8448880060341,6.890815153955725e-05
480.86488800603416,6.904292482396138e-05
480.88488800603415,6.917811536880994e-05
480.90489800603416,6.931379256384411e-05
480.92489800603414,6.944982205528827e-05
480.9448980060341,6.958627260566044e-05
480.96489800603416,6.972314509952479e-05
480.98489800603414,6.986044035433477e-05
481.0048980060341,6.999815912951373e-05
481.02489800603416,7.013630223639411e-05
481.04489800603415,7.027487059876505e-05
481.0648980060341,7.041386530571134e-05
481.08489800603417,7.055328765614404e-05
481.10489800603415,7.069313919584364e-05
481.12489800603413,7.083342173163815e-05
481.14489800603417,7.097413732662693e-05
481.16489800603415,7.111528828278289e-05
481.18489800603413,7.125687711534021e-05
481.20489800603417,7.139890656971693e-05
481.22489800603415,7.154137950783346e-05
481.24489800603413,7.168429892912059e-05
481.2648980060342,7.182766792594426e-05
481.28489800603415,7.197148963374539e-05
481.30489800603414,7.211576719947902e-05
481.3248980060341,7.226050372902529e-05
481.34489800603416,7.240570225320735e-05
481.36489800603414,7.255136565972777e-05
481.3848980060342,7.269749666681912e-05
481.40489800603416,7.284409777140253e-05
481.4249080060342,7.299124488247044e-05
481.44490800603415,7.313879291525496e-05
481.46490800603414,7.328681702814611e-05
481.4849080060342,7.343531874625274e-05
481.50490800603416,7.358429938690964e-05
481.52490800603414,7.373376018094159e-05
481.5449080060341,7.388370227932525e-05
481.56490800603416,7.403412687482041e-05
481.58490800603414,7.4185035268908e-05
481.6049080060341,7.433642893010103e-05
481.62490800603416,7.44883095444035e-05
481.64490800603414,7.464067905818345e-05
481.6649080060341,7.479353969666838e-05
481.68490800603416,7.49468939623046e-05
481.70490800603415,7.510074462017576e-05
481.7249080060341,7.525509467451328e-05
481.74490800603417,7.54099473934271e-05
481.76490800603415,7.556530618542219e-05
481.78490800603413,7.572117462646937e-05
481.80490800603417,7.587755641122495e-05
481.82490800603415,7.603445529597365e-05
481.84490800603413,7.619187506014274e-05
481.86490800603417,7.634981944226575e-05
481.88490800603415,7.650829209599184e-05
481.90490800603413,7.666729650708768e-05
481.9249080060342,7.682683595872714e-05
481.94490800603415,7.69869134693016e-05
481.96491800603417,7.714761221180009e-05
481.98491800603415,7.730877397767812e-05
482.00491800603413,7.747048108063945e-05
482.02491800603417,7.763273538096012e-05
482.04491800603415,7.77955385522773e-05
482.06491800603413,7.795889216411399e-05
482.0849180060342,7.81227977343818e-05
482.10491800603415,7.828725689236027e-05
482.12491800603414,7.845227141957204e-05
482.1449180060341,7.861784336545375e-05
482.16491800603416,7.878397508924669e-05
482.18491800603414,7.895066931408826e-05
482.2049180060342,7.911792912613059e-05
482.22491800603416,7.928575799827977e-05
482.24491800603414,7.94541597073689e-05
482.2649180060341,7.962313831957746e-05
482.28491800603416,7.979269818208146e-05
482.30491800603414,7.996284374090469e-05
482.3249180060341,8.013357958433879e-05
482.34491800603416,8.030491032146016e-05
482.36491800603415,8.04768405372971e-05
482.3849180060341,8.064937472682183e-05
482.40491800603417,8.082251726037373e-05
482.42491800603415,8.099627230746016e-05
482.44491800603413,8.117064382590322e-05
482.46491800603417,8.134563551656015e-05
482.48491800603415,8.152125081683138e-05
482.50492800603416,8.169758116318322e-05
482.52492800603414,8.187445323216605e-05
482.5449280060341,8.205195770572166e-05
482.56492800603417,8.223009710751566e-05
482.58492800603415,8.240887391483187e-05
482.60492800603413,8.258829055022215e-05
482.62492800603417,8.27683495223164e-05
482.64492800603415,8.294905349643375e-05
482.66492800603413,8.313040535280465e-05
482.68492800603417,8.331240824016577e-05
482.70492800603415,8.349506562179521e-05
482.72492800603413,8.36783812936322e-05
482.7449280060342,8.386235937877787e-05
482.76492800603415,8.404700430852866e-05
482.78492800603414,8.423232079223632e-05
482.8049280060342,8.44183138528832e-05
482.82492800603416,8.46049886700542e-05
482.84492800603414,8.479235062151214e-05
482.8649280060341,8.498040522896893e-05
482.88492800603416,8.51691580955949e-05
482.90492800603414,8.535861487191585e-05
482.9249280060341,8.554878119138807e-05
482.94492800603416,8.573966263544029e-05
482.96492800603414,8.593126464667086e-05
482.9849280060341,8.612359250592959e-05
483.00492800603416,8.63166512675662e-05
483.0249380060342,8.651054281948727e-05
483.04493800603416,8.670507789578393e-05
483.06493800603414,8.690035748506653e-05
483.0849380060341,8.709638565352923e-05
483.10493800603416,8.729316625167067e-05
483.12493800603414,8.749070308155266e-05
483.1449380060341,8.768899987906427e-05
483.16493800603416,8.788806047356058e-05
483.18493800603414,8.808788886722974e-05
483.2049380060341,8.828848929852198e-05
483.22493800603417,8.848986630426023e-05
483.24493800603415,8.869202477384705e-05
483.26493800603413,8.889496997333178e-05
483.28493800603417,8.909870754362091e-05
483.30493800603415,8.930324348565095e-05
483.32493800603413,8.950858413232877e-05
483.34493800603417,8.971473619902508e-05
483.36493800603415,8.99217066065824e-05
483.38493800603413,9.012950253597802e-05
483.4049380060342,9.033813136884393e-05
483.42493800603415,9.054760061509425e-05
483.44493800603414,9.075791787202193e-05
483.4649380060341,9.096909074552141e-05
483.48493800603416,9.118112680557261e-05
483.50493800603414,9.13940334790023e-05
483.5249380060342,9.160781802020423e-05
483.54493800603416,9.182248743259597e-05
483.5649480060342,9.203815644889225e-05
483.58494800603415,9.225461592087133e-05
483.60494800603414,9.247197958077693e-05
483.6249480060342,9.269025333225732e-05
483.64494800603416,9.290944293468504e-05
483.66494800603414,9.3129554103182e-05
483.6849480060341,9.335059255103685e-05
483.70494800603416,9.357256421576892e-05
483.72494800603414,9.379547528259685e-05
483.7449480060341,9.401933233888258e-05
483.76494800603416,9.424414241706416e-05
483.78494800603414,9.446991306768572e-05
483.8049480060341,9.46966523536392e-05
483.82494800603416,9.492436889822832e-05
483.84494800603414,9.515307176556703e-05
483.8649480060341,9.538277046097486e-05
483.88494800603416,9.561347494623803e-05
483.90494800603415,9.584519537325131e-05
483.9249480060341,9.60779421867305e-05
483.94494800603417,9.631172595617279e-05
483.96494800603415,9.654655733226303e-05
483.98494800603413,9.678244696516584e-05
484.00494800603417,9.701940547584633e-05
484.02494800603415,9.72574433498542e-05
484.04494800603413,9.749657094252496e-05
484.0649480060342,9.77367984171496e-05
484.08494800603415,9.797813574470385e-05
484.10495800603417,9.822071419037214e-05
484.12495800603415,9.846430089441772e-05
484.14495800603413,9.870902630052523e-05
484.16495800603417,9.895489977887034e-05
484.18495800603415,9.920193080665212e-05
484.20495800603413,9.945012890500484e-05
484.22495800603417,9.969950384295485e-05
484.24495800603415,9.995006572758713e-05
484.26495800603413,0.00010020182506083077
484.2849580060342,0.00010045479281224346
484.30495800603416,0.00010070898048189466
484.32495800603414,0.00010096440012741283
484.3449580060342,0.00010122106435723895
484.36495800603416,0.00010147898631489608
484.38495800603414,0.00010173817964091016
484.4049580060341,0.00010199865856088076
484.42495800603416,0.00010226043763464169
484.44495800603414,0.00010252353185318051
484.4649580060341,0.00010278795657289533
484.48495800603416,0.00010305372743110722
484.50495800603414,0.00010332086031665408
484.5249580060341,0.00010358937128694512
484.54495800603416,0.00010385927654395234
484.56495800603415,0.00010413059230913054
484.5849580060341,0.00010440333482296065
484.60495800603417,0.0001046775202550468
484.6249680060341,0.00010495330288089506
484.64496800603416,0.00010523042301064074
484.66496800603414,0.00010550903397376264
484.6849680060341,0.00010578915162593963
484.70496800603416,0.00010607079174839545
484.72496800603415,0.00010635397033717253
484.7449680060341,0.00010663870349496557
484.76496800603417,0.00010692500767829563
484.78496800603415,0.00010721289980234378
484.80496800603413,0.00010750239729292894
484.82496800603417,0.00010779351817405025
484.84496800603415,0.00010808628114244536
484.86496800603413,0.0001083807056019281
484.88496800603417,0.00010867681165675552
484.90496800603415,0.00010897462010159207
484.92496800603413,0.00010927415237893037
484.9449680060342,0.00010957543070761372
484.96496800603416,0.00010987847776504909
484.98496800603414,0.00011018331682175606
485.0049680060341,0.00011048997166343731
485.02496800603416,0.00011079846648171929
485.04496800603414,0.00011110882583649669
485.0649680060341,0.00011142107454427868
485.08496800603416,0.00011173523764544048
485.10496800603414,0.00011205134023137506
485.1249680060341,0.00011236940744389116
485.14496800603416,0.00011268946434958692
485.1649780060342,0.0001130116974643918
485.18497800603416,0.00011333580950618925
485.20497800603414,0.00011366198577113305
485.2249780060341,0.00011399025086054139
485.24497800603416,0.00011432062941760737
485.26497800603414,0.00011465314624392492
485.2849780060341,0.00011498782625839737
485.30497800603416,0.00011532469488340923
485.32497800603414,0.00011566377795726361
485.3449780060341,0.00011600510196766046
485.36497800603416,0.00011634869405518303
485.38497800603415,0.00011669458210865355
485.4049780060341,0.00011704279471015849
485.42497800603417,0.00011739336123732036
485.44497800603415,0.00011774631160173342
485.46497800603413,0.00011810167627877343
485.48497800603417,0.00011845948638245197
485.50497800603415,0.00011881977311195628
485.52497800603413,0.00011918256802636942
485.54497800603417,0.00011954790270660411
485.56497800603415,0.0001199158086920424
485.58497800603413,0.00012028631731880474
485.6049780060342,0.00012065945968065474
485.62497800603415,0.00012103526638205333
485.64497800603414,0.00012141376755718228
485.6649780060342,0.00012179499269857076
485.68497800603416,0.00012217897061695746
485.70498800603417,0.00012256592340053463
485.72498800603415,0.00012295549155400267
485.74498800603413,0.00012334789427332325
485.7649880060342,0.00012374315713031885
485.78498800603415,0.00012414130513709463
485.80498800603414,0.00012454236240447478
485.8249880060341,0.0001249463524336416
485.84498800603416,0.00012535329813854315
485.86498800603414,0.00012576322178939862
485.8849880060341,0.00012617614502019613
485.90498800603416,0.0001265920888296314
485.92498800603414,0.00012701107351917215
485.9449880060341,0.00012743311857552948
485.96498800603416,0.00012785824253632488
485.98498800603414,0.00012828646282898396
486.0049880060341,0.00012871779591532218
486.02498800603416,0.0001291522566109493
486.04498800603415,0.00012958985826320237
486.0649880060341,0.00013003061251316833
486.08498800603417,0.00013047452903591734
486.10498800603415,0.00013092161539780345
486.12498800603413,0.00013137187680772365
486.14498800603417,0.00013182531598251594
486.16498800603415,0.00013228193280440692
486.18498800603413,0.00013274172425187177
486.20498800603417,0.00013320468411080093
486.2249980060341,0.00013367103666300185
486.24499800603417,0.0001341403027425456
486.26499800603415,0.00013461269796393054
486.28499800603413,0.00013508820204907737
486.30499800603417,0.00013556679089092333
486.32499800603415,0.00013604843682082728
486.34499800603413,0.0001365331082995298
486.36499800603417,0.00013702077020247267
486.38499800603415,0.0001375113837748624
486.40499800603413,0.00013800490665449982
486.4249980060342,0.0001385012928508651
486.44499800603415,0.000139000492782827
486.46499800603414,0.00013950245324274532
486.4849980060342,0.00014000711734719532
486.50499800603416,0.0001405144243923855
486.52499800603414,0.00014102430981556568
486.5449980060341,0.00014153670541090346
486.56499800603416,0.00014205153867567278
486.58499800603414,0.00014256873315347736
486.6049980060341,0.00014308820823127745
486.62499800603416,0.00014360987903860723
486.64499800603414,0.00014413365639370587
486.6649980060341,0.00014465944672450483
486.68499800603416,0.00014518715200470772
486.70499800603415,0.00014571666964872734
486.7249980060341,0.00014624789254814725
486.74499800603417,0.00014678070900700748
486.7650080060341,0.0001473152702300978
486.78500800603416,0.0001478509212743353
486.80500800603414,0.00014838780385950111
486.8250080060341,0.0001489257888965443
486.84500800603416,0.0001494647434092843
486.86500800603415,0.00015000453089687098
486.8850080060341,0.00015054501164996547
486.90500800603417,0.00015108604315574464
486.92500800603415,0.00015162748041629864
486.94500800603413,0.00015216917636779148
486.96500800603417,0.00015271098217297258
486.98500800603415,0.0001532527475450606
487.00500800603413,0.00015379432104317277
487.02500800603417,0.00015433555026422987
487.04500800603415,0.00015487628203425012
487.06500800603413,0.00015541636262112084
487.0850080060342,0.000155955637945436
487.10500800603415,0.0001564939536000201
487.12500800603414,0.0001570311550727956
487.1450080060341,0.00015756708789497676
487.16500800603416,0.00015810159778897504
487.18500800603414,0.00015863453084863783
487.2050080060342,0.00015916573367299002
487.22500800603416,0.00015969505365511814
487.24500800603414,0.00016022233909953
487.2650080060341,0.00016074743952625495
487.28500800603416,0.00016127020590465298
487.3050180060342,0.00016179075049631918
487.32501800603416,0.00016230840785154649
487.34501800603414,0.00016282329597771023
487.3650180060341,0.00016333527520039524
487.38501800603416,0.0001638442089374655
487.40501800603414,0.00016434996458295425
487.4250180060341,0.00016485241372846333
487.44501800603416,0.00016535143256536755
487.46501800603414,0.0001658469024887494
487.4850180060341,0.00016633871044807882
487.50501800603416,0.00016682674929781918
487.52501800603414,0.00016731091812486733
487.5450180060341,0.00016779112259735383
487.56501800603417,0.0001682672751923612
487.58501800603415,0.00016873929550586614
487.60501800603413,0.00016920711011087424
487.62501800603417,0.00016967065330723158
487.64501800603415,0.00017012986692241695
487.66501800603413,0.00017058470051898347
487.68501800603417,0.0001710351116208986
487.70501800603415,0.0001714810657765354
487.72501800603413,0.00017192253669961262
487.7450180060342,0.0001723595062705042
487.76501800603415,0.00017279196478778828
487.78501800603414,0.00017321991079571308
487.8050180060342,0.00017364335131383844
487.82502800603413,0.0001740625102739334
487.84502800603417,0.00017447699278474524
487.86502800603415,0.000174887042250877
487.88502800603413,0.00017529270025192455
487.9050280060342,0.00017569401742312707
487.92502800603415,0.00017609105330801557
487.94502800603414,0.00017648387690510922
487.9650280060341,0.00017687256651701427
487.98502800603416,0.00017725720984886894
488.00502800603414,0.0001776379041696584
488.0250280060342,0.0001780147562651146
488.04502800603416,0.00017838788231552512
488.06502800603414,0.00017875740775018096
488.0850280060341,0.00017912346699493464
488.10502800603416,0.00017948620333528334
488.12502800603414,0.0001798457684761985
488.1450280060341,0.00018020232179518346
488.16502800603416,0.000180556030629246
488.18502800603414,0.00018090706923412511
488.2050280060341,0.0001812556184921476
488.22502800603417,0.000181601865318822
488.24502800603415,0.00018194600212654484
488.26502800603413,0.00018228822613315974
488.28502800603417,0.00018262873879332884
488.30502800603415,0.00018296774515270055
488.32502800603413,0.00018330545313548094
488.34502800603417,0.00018364207295612248
488.3650380060341,0.00018397798425797102
488.38503800603416,0.00018431306424895064
488.40503800603415,0.0001846476947024195
488.42503800603413,0.00018498208928247425
488.44503800603417,0.00018531646149335017
488.46503800603415,0.00018565102420241292
488.48503800603413,0.00018598598933211518
488.50503800603417,0.00018632156767668486
488.52503800603415,0.0001866579685391223
488.54503800603413,0.00018699539948887036
488.5650380060342,0.0001873340660396407
488.58503800603415,0.00018767417134419277
488.60503800603414,0.00018801591574633259
488.6250380060342,0.0001883594965484011
488.64503800603416,0.0001887051074295914
488.66503800603414,0.00018905293809513398
488.6850380060341,0.0001894031739316227
488.70503800603416,0.00018975599538269364
488.72503800603414,0.0001901115778216349
488.7450380060341,0.00019047009101230838
488.76503800603416,0.00019083169885824206
488.78503800603414,0.00019119655908493336
488.8050380060341,0.00019156482309212402
488.82503800603416,0.00019193663558847457
488.84503800603414,0.0001923121346223317
488.8650380060341,0.00019269145136570953
488.88503800603416,0.0001930747101307322
488.9050480060341,0.00019346222299451176
488.92504800603416,0.00019385371331887778
488.94504800603414,0.00019424947784971804
488.9650480060341,0.00019464961400664614
488.98504800603416,0.00019505421334497158
489.00504800603414,0.00019546336122628277
489.0250480060341,0.0001958771375212078
489.04504800603416,0.00019629561692292445
489.06504800603415,0.00019671886911112703
489.0850480060341,0.00019714695906954027
489.10504800603417,0.00019757994739487943
489.12504800603415,0.00019801789052436975
489.14504800603413,0.0001984608408811289
489.16504800603417,0.00019890884702126836
489.18504800603415,0.0001993619537256591
489.20504800603413,0.00019982020261869672
489.22504800603417,0.0002002836314387585
489.24504800603415,0.00020075227471816318
489.26504800603414,0.0002012261637931597
489.2850480060342,0.00020170532677580782
489.30504800603416,0.00020218978872494614
489.32504800603414,0.0002026795716426337
489.3450480060342,0.00020317469466734833
489.36504800603416,0.00020367517391239016
489.38504800603414,0.0002041810227556282
489.4050480060341,0.00020469225176309437
489.42505800603413,0.00020520912850256477
489.4450580060342,0.00020573114169240102
489.46505800603416,0.00020625855129935216
489.48505800603414,0.00020679135830925505
489.5050580060341,0.00020732956158665356
489.52505800603416,0.0002078731587723582
489.54505800603414,0.0002084221459386058
489.5650580060341,0.00020897651837558317
489.58505800603416,0.00020953627083844124
489.60505800603414,0.00021010139774604714
489.6250580060341,0.00021067189342388305
489.64505800603416,0.00021124775237665565
489.66505800603414,0.00021182896944158542
489.6850580060341,0.00021241553986375017
489.70505800603416,0.00021300745929952105
489.72505800603415,0.00021360472384178425
489.7450580060341,0.00021420733056192937
489.76505800603417,0.00021481527653365503
489.78505800603415,0.00021542855946875145
489.80505800603413,0.00021604717753646432
489.82505800603417,0.00021667112918190602
489.84505800603415,0.0002173004131257186
489.86505800603413,0.00021793502818476994
489.88505800603417,0.00021857497327807442
489.90505800603415,0.000219220247092458
489.92505800603413,0.00021987084818204627
489.9450580060342,0.00022052677473291177
489.96506800603413,0.00022118835652418855
489.98506800603417,0.00022185492965154979
490.00506800603415,0.00022252682062561956
490.02506800603413,0.00022320402627790857
490.04506800603417,0.0002238865434929155
490.06506800603415,0.0002245743694752503
490.08506800603413,0.00022526750163325305
490.1050680060342,0.00022596593844073984
490.12506800603416,0.000226669679215623
490.14506800603414,0.00022737872465555933
490.1650680060342,0.00022809307683296923
490.18506800603416,0.00022881273944291275
490.20506800603414,0.0002295377177237679
490.2250680060341,0.00023026801873665968
490.24506800603416,0.00023100365082749462
490.26506800603414,0.0002317446238000172
490.2850680060341,0.00023249094920882582
490.30506800603416,0.0002332426391226497
490.32506800603414,0.00023399970691492488
490.3450680060341,0.0002347621665822571
490.36506800603416,0.0002355300327131357
490.38506800603415,0.00023630332024647226
490.4050680060341,0.00023708204447265346
490.42506800603417,0.0002378662206376704
490.44506800603415,0.00023865586406656222
490.46506800603413,0.00023945098992965273
490.48506800603417,0.00024025161327101375
490.5050780060341,0.00024105815331102853
490.52507800603416,0.00024186981866617272
490.54507800603415,0.0002426870258389307
490.5650780060341,0.0002435097894884905
490.58507800603417,0.00024433812494413103
490.60507800603415,0.0002451720477065018
490.62507800603413,0.0002460115741587812
490.64507800603417,0.0002468567217055574
490.66507800603415,0.0002477075088788722
490.68507800603413,0.0002485639554841734
490.70507800603417,0.0002494260827881944
490.72507800603415,0.00025029391358556376
490.74507800603413,0.00025116747217219853
490.7650780060342,0.00025204678428019745
490.78507800603415,0.00025293187699213513
490.80507800603414,0.0002538227792300631
490.8250780060341,0.00025471952064636715
490.84507800603416,0.00025562213219362833
490.86507800603414,0.0002565306458748805
490.8850780060341,0.00025744509444662036
490.90507800603416,0.00025836551136057675
490.92507800603414,0.00025929193047291024
490.9450780060341,0.00026022438600756785
490.96507800603416,0.0002611629121080862
490.98507800603414,0.00026210754289638754
491.0050780060341,0.000263058312160665
491.02508800603414,0.0002640157333552286
491.0450880060341,0.0002649788824139494
491.06508800603416,0.0002659482690109902
491.08508800603414,0.00026692392537732367
491.1050880060341,0.00026790588377255343
491.12508800603416,0.00026889417675180887
491.14508800603414,0.0002698888370159423
491.1650880060341,0.0002708898984258978
491.18508800603416,0.0002718973957225201
491.20508800603415,0.00027291136515310803
491.2250880060341,0.00027393184445658283
491.24508800603417,0.0002749588731579726
491.26508800603415,0.00027599249245606147
491.28508800603413,0.0002770327455833165
491.30508800603417,0.0002780796771350504
491.32508800603415,0.0002791333332896769
491.34508800603413,0.00028019376217206784
491.36508800603417,0.00028126101233958366
491.38508800603415,0.0002823351337762015
491.40508800603413,0.0002834161770423338
491.4250880060342,0.0002845041932508621
491.44508800603415,0.00028559923377486865
491.46508800603414,0.0002867013502602559
491.4850880060342,0.00028781059413001265
491.50508800603416,0.0002889270167560279
491.52508800603414,0.00029005066916696287
491.5450880060341,0.00029118160210077023
491.56509800603413,0.0002923204367857868
491.5850980060342,0.0002934660850577484
491.60509800603415,0.00029461916428949686
491.62509800603414,0.00029577972418883827
491.6450980060341,0.000296947815226208
491.66509800603416,0.0002981234879165426
491.68509800603414,0.0002993067937649875
491.7050980060341,0.0003004977854390254
491.72509800603416,0.00030169651687994635
491.74509800603414,0.0003029030434899648
491.7650980060341,0.00030411742237472847
491.78509800603416,0.0003053397124307575
491.80509800603414,0.0003065699742990338
491.8250980060341,0.0003078082703028811
491.84509800603416,0.00030905466432170996
491.86509800603415,0.00031030922248487074
491.8850980060341,0.0003115720116807828
491.90509800603417,0.0003128431003562462
491.92509800603415,0.00031412255823176047
491.94509800603413,0.0003154104559271033
491.96509800603417,0.00031670686495534995
491.98509800603415,0.00031801185737599175
492.00509800603413,0.00031932550584011786
492.02509800603417,0.0003206478830272366
492.04509800603415,0.0003219790618101292
492.06509800603413,0.0003233191148700097
492.08510800603415,0.0003246687914662152
492.10510800603413,0.00032602681471103083
492.12510800603417,0.0003273939287987362
492.14510800603415,0.0003287702057612909
492.16510800603413,0.0003301557171982973
492.18510800603417,0.00033155053566238983
492.20510800603415,0.00033295473374175117
492.22510800603413,0.0003343683852091171
492.2451080060342,0.00033579156522363905
492.26510800603415,0.0003372243504516517
492.28510800603414,0.00033866681929838266
492.3051080060342,0.0003401190522100917
492.32510800603416,0.0003415811317952004
492.34510800603414,0.00034305314278283575
492.3651080060341,0.000344535171979721
492.38510800603416,0.000346027308136481
492.40510800603414,0.00034752964283995733
492.4251080060341,0.0003490422686976937
492.44510800603416,0.00035056528034632515
492.46510800603414,0.0003520987741201864
492.4851080060341,0.00035364284758913575
492.50510800603416,0.00035519759955417407
492.52510800603415,0.00035676312960459573
492.5451080060341,0.0003583395381698191
492.56510800603417,0.0003599269258009498
492.58510800603415,0.000361525393372755
492.60510800603413,0.00036313504159913223
492.62511800603414,0.00036475678437485884
492.6451180060341,0.0003663891008617088
492.66511800603416,0.00036803289912304876
492.68511800603414,0.0003696882791019797
492.7051180060341,0.0003713553412363331
492.72511800603417,0.00037303418681901355
492.74511800603415,0.00037472491759936276
492.76511800603413,0.0003764276375358317
492.78511800603417,0.00037814245214496723
492.80511800603415,0.0003798694695507986
492.82511800603413,0.0003816088003839804
492.84511800603417,0.00038336055828523685
492.86511800603415,0.0003851248596768272
492.88511800603413,0.000386901824493429
492.9051180060342,0.00038869157497241927
492.92511800603415,0.0003904942361659584
492.94511800603414,0.0003923099367308909
492.9651180060342,0.00039413880621022275
492.98511800603416,0.0003959809770393122
493.00511800603414,0.00039783658305812293
493.0251180060341,0.0003997057595953652
493.04511800603416,0.00040158864302992117
493.06511800603414,0.0004034853709318577
493.0851180060341,0.0004053960812015428
493.10511800603416,0.00040732091249610306
493.12511800603414,0.0004092600037252102
493.1451180060341,0.0004112134942085006
493.16512800603414,0.00041318251097867094
493.1851280060341,0.0004151652260267453
493.20512800603416,0.0004171627606444977
493.22512800603414,0.0004191752558238641
493.2451280060341,0.0004212028548175719
493.26512800603416,0.0004232457015380158
493.28512800603414,0.00042530394230686256
493.3051280060341,0.0004273777260891309
493.32512800603416,0.00042946720456126024
493.34512800603414,0.00043157253241951843
493.3651280060341,0.00043369386780324633
493.38512800603417,0.0004358313724586352
493.40512800603415,0.0004379852116471914
493.42512800603413,0.0004401555541071871
493.44512800603417,0.0004423425718397046
493.46512800603415,0.00044454644160652683
493.48512800603413,0.0004467673420429774
493.50512800603417,0.0004490054553554721
493.52512800603415,0.00045126096688905687
493.54512800603413,0.0004535340644717093
493.5651280060342,0.00045582493854838475
493.58512800603415,0.0004581337815949109
493.60512800603414,0.00046046078838314993
493.6251280060342,0.0004628061549462962
493.64512800603416,0.0004651700790785966
493.66512800603414,0.0004675527596512974
493.68513800603415,0.0004699556023667006
493.70513800603413,0.0004723764064813775
493.7251380060342,0.00047481657023157515
493.74513800603415,0.000477276297602119
493.76513800603414,0.00047975579312319305
493.7851380060342,0.00048225526473385827
493.80513800603416,0.00048477492160299394
493.82513800603414,0.0004873149763950434
493.8451380060342,0.0004898756455572689
493.86513800603416,0.0004924571493607707
493.88513800603414,0.0004950597123075456
493.9051380060341,0.0004976835636859977
493.92513800603416,0.0005003289378079231
493.94513800603414,0.0005029960739124135
493.9651380060341,0.0005056852161799229
493.98513800603416,0.0005083966134883923
494.00513800603414,0.0005111305214607386
494.0251380060341,0.0005138871987082279
494.04513800603416,0.0005166669091193247
494.06513800603415,0.0005194699213421669
494.08513800603413,0.0005222965079380868
494.10513800603417,0.0005251469455879292
494.12513800603415,0.0005280215143196089
494.14513800603413,0.0005309204978838543
494.16513800603417,0.0005338441823718364
494.18513800603415,0.0005367928569075716
494.20513800603413,0.0005397668127482139
494.22514800603415,0.00054276784975914
494.2451480060341,0.0005457932636291236
494.26514800603417,0.0005488448464592583
494.28514800603415,0.0005519228984920496
494.30514800603413,0.0005550277235986703
494.32514800603417,0.0005581596298231318
494.34514800603415,0.000561318928190921
494.36514800603413,0.0005645059364448757
494.38514800603417,0.0005677209772535825
494.40514800603415,0.0005709643803634498
494.42514800603414,0.000574236482214247
494.4451480060342,0.0005775376269930591
494.46514800603416,0.0005808681660738227
494.48514800603414,0.0005842284598391363
494.5051480060341,0.0005876188750069954
494.52514800603416,0.0005910397860494768
494.54514800603414,0.0005944915772711462
494.5651480060341,0.0005979746368456733
494.58514800603416,0.0006014893617721406
494.60514800603414,0.0006050361547286581
494.6251480060341,0.0006086154245899296
494.64514800603416,0.0006122275856948776
494.66514800603414,0.0006158730584923469
494.6851480060341,0.0006195522677377964
494.70514800603416,0.0006232656437707252
494.72514800603415,0.0006270136214818357
494.7451480060341,0.0006307966408608568
494.76515800603414,0.0006346170643623883
494.7851580060341,0.0006384715234791382
494.80515800603416,0.0006423623749127339
494.82515800603414,0.0006462900790251966
494.8451580060341,0.0006502551055136184
494.86515800603416,0.000654257929119653
494.88515800603415,0.000658299033669779
494.9051580060341,0.0006623789125092274
494.92515800603417,0.0006664980683147294
494.94515800603415,0.0006706570138017656
494.96515800603413,0.000674856272666707
494.98515800603417,0.0006790963800233992
495.00515800603415,0.0006833778822123414
495.02515800603413,0.0006877013369948663
495.04515800603417,0.0006920673131306534
495.06515800603415,0.0006964763943889284
495.08515800603413,0.0007009291727342018
495.1051580060342,0.0007054262527792619
495.12515800603416,0.0007099682511373514
495.14515800603414,0.0007145557950834809
495.1651580060342,0.0007191895233148705
495.18515800603416,0.0007238700848322711
495.20515800603414,0.0007285981401189962
495.2251580060341,0.0007333743588472161
495.24515800603416,0.0007381994216484447
495.26515800603414,0.0007430740186872116
495.28516800603416,0.0007480013255928116
495.30516800603414,0.0007529771273299318
495.3251680060341,0.000758004594296238
495.34516800603416,0.0007630844593340708
495.36516800603414,0.0007682174638608149
495.3851680060341,0.0007734043655848679
495.40516800603416,0.0007786459321947755
495.42516800603414,0.0007839429471498339
495.4451680060341,0.0007892962103647497
495.46516800603416,0.0007947065378330812
495.48516800603414,0.0008001747627479039
495.5051680060341,0.0008057017369068085
495.52516800603416,0.0008112883314620309
495.54516800603415,0.0008169354367438734
495.5651680060341,0.0008226439628126717
495.58516800603417,0.0008284148389618433
495.60516800603415,0.0008342490197624713
495.62516800603413,0.0008401474754641457
495.64516800603417,0.0008461111985977607
495.66516800603415,0.0008521412033180826
495.68516800603413,0.0008582385236121956
495.70516800603417,0.0008644042146260754
495.72516800603415,0.0008706393511854825
495.74516800603413,0.0008769450297672238
495.7651680060342,0.0008833223652590567
495.78516800603416,0.0008897724938207483
495.80516800603414,0.0008962965709595071
495.82517800603415,0.0009028990916718032
495.84517800603413,0.000909574651758481
495.86517800603417,0.0009163277521065137
495.88517800603415,0.000923159631513442
495.90517800603413,0.0009300715541270972
495.9251780060342,0.0009370648105770046
495.94517800603415,0.0009441407140723003
495.96517800603414,0.0009513006113606137
495.9851780060342,0.000958545876889232
496.00517800603416,0.0009658779190265638
496.02517800603414,0.0009732981789610238
496.0451780060341,0.0009808081340057378
496.06517800603416,0.000988409296135272
496.08517800603414,0.0009961032184395793
496.1051780060341,0.0010038914876261094
496.12517800603416,0.001011775729409795
496.14517800603414,0.0010197576158835213
496.1651780060341,0.0010278388487841522
496.18517800603416,0.0010360211758988526
496.20517800603415,0.0010443063827330788
496.2251780060341,0.0010526962955399804
496.24517800603417,0.0010611927803517737
496.26517800603415,0.0010697977465714322
496.28517800603413,0.0010785131423906556
496.30517800603417,0.0010873409603584536
496.32517800603415,0.001096283235135328
496.34517800603413,0.0011053420465620884
496.36518800603415,0.0011145241366242067
496.3851880060341,0.0011238224997226127
496.40518800603417,0.0011332439189896384
496.42518800603415,0.001142790662160169
496.44518800603413,0.0011524650601269313
496.46518800603417,0.0011622694917960163
496.48518800603415,0.001172206398130701
496.50518800603413,0.001182278284756635
496.52518800603417,0.0011924877207727072
496.54518800603415,0.0012028373425217857
496.56518800603413,0.0012133298575576833
496.5851880060342,0.0012239680474983143
496.60518800603415,0.001234754768426391
496.62518800603414,0.0012456929542672562
496.6451880060341,0.0012567856164387558
496.66518800603416,0.0012680358600863338
496.68518800603414,0.0012794468633489633
496.7051880060341,0.0012910218945671652
496.72518800603416,0.001302764313416547
496.74518800603414,0.001314677568517518
496.7651880060341,0.0013267652033463469
496.78518800603416,0.0013390308550453158
496.80518800603414,0.0013514782625378616
496.8251880060341,0.001364111260857683
496.84518800603416,0.0013769337916868353
496.86518800603415,0.0013899499011167458
496.88519800603416,0.0014031704041765516
496.90519800603414,0.001416586354088858
496.9251980060341,0.0014302086947485372
496.94519800603416,0.0014440419411444728
496.96519800603414,0.001458090722381023
496.9851980060341,0.0014723598180576747
497.00519800603416,0.0014868541329315249
497.02519800603415,0.0015015787230000608
497.0451980060341,0.001516538802914999
497.06519800603417,0.001531739744918927
497.08519800603415,0.0015471870884995857
497.10519800603413,0.0015628865496726734
497.12519800603417,0.0015788440289815496
497.14519800603415,0.0015950656148411568
497.16519800603413,0.001611557594027621
497.18519800603417,0.0016283264537355717
497.20519800603415,0.0016453789139776829
497.22519800603413,0.0016627218964448643
497.2451980060342,0.0016803625579758675
497.26519800603415,0.0016983082982125327
497.28519800603414,0.0017165667597378194
497.3051980060342,0.0017351458439978688
497.32519800603416,0.0017540537143318118
497.34519800603414,0.0017732988169446688
497.3651980060341,0.0017928898759589737
497.38519800603416,0.001812835919610538
497.40519800603414,0.0018331462824825032
497.42520800603415,0.0018538410651130217
497.44520800603414,0.0018749095695325077
497.4652080060342,0.001896372408142124
497.48520800603416,0.0019182402917879906
497.50520800603414,0.0019405243325391708
497.5252080060341,0.0019632360572628535
497.54520800603416,0.0019863874004240156
497.56520800603414,0.0020099907777264277
497.5852080060341,0.00203405906683963
497.60520800603416,0.0020586056570332987
497.62520800603414,0.002083644461933412
497.6452080060341,0.002109189956605474
497.66520800603416,0.0021352571887237534
497.68520800603415,0.002161861842379015
497.7052080060341,0.0021890202202190915
497.72520800603417,0.0022167493020109484
497.74520800603415,0.0022450668132859585
497.76520800603413,0.0022739911696559815
497.78520800603417,0.0023035416005780154
497.80520800603415,0.002333738138542759
497.82520800603413,0.0023646016755444225
497.84520800603417,0.002396153995744835
497.86520800603415,0.0024284178425738405
497.88520800603413,0.0024614169302278025
497.9052080060342,0.0024951760270905264
497.92520800603415,0.0025297209857762844
497.94520800603414,0.0025650788143225405
497.96521800603415,0.0026012960312921185
497.98521800603413,0.002638365902126838
498.00521800603417,0.0026763371577208537
498.02521800603415,0.002715241960338424
498.04521800603413,0.0027551140275226685
498.0652180060342,0.002795988547780971
498.08521800603415,0.00283790234171619
498.10521800603414,0.0028808939600926224
498.1252180060342,0.0029250037046938183
498.14521800603416,0.0029702737343742457
498.16521800603414,0.003016748152562302
498.1852180060341,0.0030644730969278107
498.20521800603416,0.0031134967953310327
498.22521800603414,0.0031638696891832375
498.2452180060341,0.003215644473921877
498.26521800603416,0.0032688763013872324
498.28521800603414,0.0033236227076856016
498.3052180060341,0.003379943797150049
498.32521800603416,0.003437902351141571
498.34521800603414,0.0034975638677125446
498.3652180060341,0.00355899669437444
498.38521800603417,0.0036222720860388186
498.40521800603415,0.0036874643725118596
498.42521800603413,0.003754650959317541
498.44521800603417,0.003823912521706486
498.46521800603415,0.0038953330421504424
498.48522800603416,0.00396903739395228
498.50522800603414,0.004045042831859231
498.5252280060341,0.004123480222367908
498.54522800603416,0.004204447982401237
498.56522800603415,0.004288048159084326
498.58522800603413,0.004374386967653082
498.60522800603417,0.00446357441986493
498.62522800603415,0.00455572464101014
498.64522800603413,0.004650955979753771
498.66522800603417,0.004749390884663039
498.68522800603415,0.004851155989886636
498.70522800603413,0.0049563821269936305
498.7252280060342,0.0050652043132630165
498.74522800603415,0.005177761626985653
498.76522800603414,0.005294197220547874
498.7852280060342,0.0054146580987908125
498.80522800603416,0.005539295314467439
498.82522800603414,0.005668263354900744
498.8452280060342,0.005801720247026211
498.86522800603416,0.005939827407541322
498.88522800603414,0.006082749299804918
498.9052280060341,0.0062306533298667555
498.92522800603416,0.00638370953007842
498.94522800603414,0.006542090533261953
498.9652280060341,0.00670597110658337
498.98522800603416,0.006875528196499651
499.00522800603414,0.00705094057949248
499.02523800603416,0.007232481113465492
499.04523800603414,0.007420150271416129
499.0652380060341,0.007614220991615716
499.08523800603416,0.007814877908256532
499.10523800603414,0.008022307018378902
499.1252380060341,0.008236695439582017
499.14523800603416,0.008458230820629504
499.16523800603414,0.008687102026777672
499.1852380060341,0.008923498246260323
499.20523800603416,0.009167609171194014
499.22523800603415,0.009419624507843288
499.2452380060341,0.009679733799805218
499.26523800603417,0.009948125716840414
499.28523800603415,0.010224988138748402
499.30523800603413,0.010510506709658939
499.32523800603417,0.010804864577083753
499.34523800603415,0.011108242148557174
499.36523800603413,0.011420814586965254
499.38523800603417,0.011742752191313786
499.40523800603415,0.0120742183494744
499.42523800603414,0.012415368447632606
499.4452380060342,0.012766348308804458
499.46523800603416,0.013127292858417464
499.48523800603414,0.013498324007506704
499.5052380060341,0.013879549369261347
499.52523800603416,0.014271060117509648
499.54523800603414,0.01467292926976161
499.56524800603415,0.015085417950981077
499.58524800603413,0.01550814512688783
499.6052480060342,0.015941320753332665
499.62524800603416,0.016384925328706685
499.64524800603414,0.01683891152682171
499.6652480060342,0.017303201713700356
499.68524800603416,0.017777686788086042
499.70524800603414,0.018262223708360194
499.7252480060341,0.018756634105319518
499.74524800603416,0.019260702222093067
499.76524800603414,0.019774173510735245
499.7852480060341,0.02029675310891961
499.80524800603416,0.020828104827506386
499.82524800603414,0.021367849257054063
499.8452480060341,0.021915563703127385
499.86524800603416,0.02247078283686137
499.88524800603415,0.02303299619583318
499.9052480060341,0.023601650860186507
499.92524800603417,0.024176151433922523
499.94524800603415,0.02475586195187896
499.96524800603413,0.02534010801899416
499.98524800603417,0.025928179654937603
500.00524800603415,0.0265193344955519
500.02524800603413,0.027112801925233496
500.04524800603417,0.027707787239530168
500.06524800603415,0.028303476689936546
500.08525800603417,0.028899339892664445
500.10525800603415,0.029493944473136996
500.12525800603413,0.030086748172862547
500.14525800603417,0.030676912704877282
500.16525800603415,0.03126360709921691
500.18525800603413,0.03184601215504516
500.20525800603417,0.03242332560651626
500.22525800603415,0.032994766033769565
500.24525800603413,0.03355957679987218
500.2652580060342,0.03411702992391247
500.28525800603416,0.0346664292745363
500.30525800603414,0.03520711362521211
500.3252580060341,0.03573845952904843
500.34525800603416,0.036259884197533045
500.36525800603414,0.03677084835142665
500.3852580060341,0.03727085902502165
500.40525800603416,0.03775947140550219
500.42525800603414,0.03823629344698614
500.4452580060341,0.0387009874039992
500.46525800603416,0.03915327317809932
500.48525800603414,0.03959293116172074
500.5052580060341,0.04001980487739585
500.52525800603416,0.04043380347509694
500.54525800603415,0.04083490373921315
500.5652580060341,0.04122315232078272
500.58525800603417,0.04159866680910685
500.60525800603415,0.041961636943529786
500.62526800603416,0.04231249780600782
500.64526800603414,0.04265123345095277
500.6652680060341,0.04297843049500093
500.68526800603416,0.04329456844253833
500.70526800603415,0.043600198263058
500.7252680060341,0.04389593973482868
500.74526800603417,0.0441824810394665
500.76526800603415,0.04446057642677091
500.78526800603413,0.044731043647496214
500.80526800603417,0.04499476196724499
500.82526800603415,0.045252669348286284
500.84526800603413,0.04550575936335024
500.86526800603417,0.045755077625360574
500.88526800603415,0.04600171829852014
500.90526800603413,0.046246820077900944
500.9252680060342,0.046491561610711
500.94526800603415,0.04673715558527173
500.96526800603414,0.04698484535107349
500.9852680060342,0.04723589816171747
501.00526800603416,0.04749159955227651
501.02526800603414,0.04775324729709686
501.0452680060341,0.048022144756894425
501.06526800603416,0.048299594851661326
501.08526800603414,0.04858689234619228
501.1052680060341,0.04888531777636922
501.12526800603416,0.04919612940548564
501.14526800603414,0.04952055626822404
501.16527800603416,0.049859962642428375
501.18527800603414,0.05021515557121066
501.2052780060341,0.05058739232669131
501.22527800603416,0.05097769926500316
501.24527800603414,0.05138703065311564
501.2652780060341,0.051816255218739775
501.28527800603416,0.052266146711824835
501.30527800603414,0.052737372616208464
501.3252780060341,0.0532304809752089
501.34527800603416,0.053745888150382976
501.36527800603415,0.05428386616963852
501.3852780060341,0.054844529835761144
501.40527800603417,0.05542782399621487
501.42527800603415,0.05603351068449932
501.44527800603413,0.056661157603053874
501.46527800603417,0.05731012972567497
501.48527800603415,0.05797957564410154
501.50527800603413,0.058668422680515364
501.52527800603417,0.05937536998471861
501.54527800603415,0.06009888441672765
501.56527800603413,0.06083719879329201
501.5852780060342,0.06158831351010312
501.60527800603415,0.06234999929792704
501.62527800603414,0.06311980468583159
501.6452780060341,0.06389506509504544
501.66527800603416,0.06467291607782438
501.68528800603417,0.06545069537630607
501.70528800603415,0.06622441139516348
501.72528800603413,0.06699109394440868
501.7452880060342,0.06774726294908587
501.76528800603415,0.06848934830551891
501.78528800603414,0.06921371229977412
501.8052880060342,0.06991668591230592
501.82528800603416,0.07059459886190637
501.84528800603414,0.07124381019520006
501.8652880060341,0.07186074611269964
501.88528800603416,0.0724419317223202
501.90528800603414,0.07298402554260562
501.9252880060341,0.0734838527215664
501.94528800603416,0.07393843875907309
501.96528800603414,0.07434503991259928
501.9852880060341,0.07470117482594303
502.00528800603416,0.0750046496020329
502.02528800603415,0.07525358887172054
502.0452880060341,0.07544645705258034
502.06528800603417,0.07558207887745637
502.08528800603415,0.0756596591980941
502.10528800603413,0.07567879651549157
502.12528800603417,0.07563949408230491
502.14528800603415,0.07554216551598766
502.16528800603413,0.07538763809517003
502.18528800603417,0.07517714769465073
502.20528800603415,0.07491233164950176
502.22529800603417,0.07459504549972007
502.24529800603415,0.07422799913503493
502.26529800603413,0.07381378728252642
502.28529800603417,0.07335546403826938
502.30529800603415,0.0728563668454951
502.32529800603413,0.07232007599093129
502.34529800603417,0.07175037609220652
502.36529800603415,0.07115120981317845
502.38529800603413,0.07052663377146269
502.4052980060342,0.06988076950821859
502.42529800603415,0.06921775837622704
502.44529800603414,0.06854171383724549
502.4652980060342,0.06785667593112284
502.48529800603416,0.0671665693275679
502.50529800603414,0.06647516317915268
502.5252980060341,0.06578603444199854
502.54529800603416,0.06510253280079777
502.56529800603414,0.06442775613379217
502.5852980060341,0.06376452414074643
502.60529800603416,0.06311535881975103
502.62529800603414,0.062482469680483585
502.6452980060341,0.06186774264417781
502.66529800603416,0.061272734139508546
502.68529800603415,0.060698667628743506
502.7052980060341,0.060146435772946996
502.72529800603417,0.05961660449299282
502.74529800603415,0.059109420634192916
502.76530800603416,0.05862458454973384
502.78530800603414,0.05816222588272042
502.8053080060341,0.057721457893680175
502.82530800603416,0.05730138019727451
502.84530800603414,0.056900847731438185
502.8653080060341,0.056518490246718935
502.88530800603417,0.056152736100735595
502.90530800603415,0.05580183054421988
502.92530800603413,0.055463862310187156
502.94530800603417,0.0551367841956577
502.96530800603415,0.05481843750320327
502.98530800603413,0.05450657502796649
503.00530800603417,0.05419888518921841
503.02530800603415,0.05389301171372294
503.04530800603413,0.053586577848028845
503.0653080060342,0.053277208642187726
503.08530800603415,0.05296254568494087
503.10530800603414,0.05264027054454749
503.1253080060342,0.05230811853305054
503.14530800603416,0.051963896438130215
503.16530800603414,0.05160549654129443
503.1853080060341,0.0512309104035272
503.20530800603416,0.050838240769433336
503.22530800603414,0.05042571416406391
503.2453080060341,0.049991691918332734
503.26530800603416,0.04953468105794481
503.2853180060342,0.049053099175788525
503.30531800603416,0.048546258709133594
503.32531800603414,0.04801293665235736
503.3453180060341,0.0474523345675147
503.36531800603416,0.04686385577618666
503.38531800603414,0.04624711466373253
503.4053180060341,0.04560194823214323
503.42531800603416,0.044928422849785654
503.44531800603414,0.04422684155547793
503.4653180060341,0.04349774718560336
503.48531800603416,0.04274192478737207
503.50531800603414,0.041960398643466505
503.5253180060341,0.04115442627192066
503.54531800603417,0.04032548886584176
503.56531800603415,0.03947527881042279
503.58531800603413,0.038605681926792534
503.60531800603417,0.037718753542628825
503.62531800603415,0.03681670127272583
503.64531800603413,0.03590185500274534
503.66531800603417,0.03497664091947008
503.68531800603415,0.03404355318466383
503.70531800603413,0.03310512547527424
503.7253180060342,0.03216390319359048
503.74531800603415,0.031222416568075766
503.76531800603414,0.030283155452106802
503.7853180060342,0.029348546286150686
503.80531800603416,0.02842093119213738
503.82532800603417,0.027502092478007008
503.84532800603415,0.026595070003735573
503.86532800603413,0.025701391373087707
503.8853280060342,0.024822901833225785
503.90532800603415,0.02396129704642211
503.92532800603414,0.023118113916388152
503.9453280060342,0.022294727857059406
503.96532800603416,0.021492350631463823
503.98532800603414,0.02071202879915275
504.0053280060341,0.01995464466782789
504.02532800603416,0.019220918732214223
504.04532800603414,0.018511413244526445
504.0653280060341,0.017826536944088194
504.08532800603416,0.017166550689483487
504.10532800603414,0.016531574259846835
504.1253280060341,0.01592159715560915
504.14532800603416,0.015336482924295278
504.16532800603414,0.01477598165961084
504.1853280060341,0.01423973984622552
504.20532800603416,0.013727310457646573
504.22532800603415,0.013238164150754227
504.24532800603413,0.012771700377425164
504.26532800603417,0.012327258626953774
504.28532800603415,0.011904128686976793
504.30532800603413,0.01150156183320289
504.32532800603417,0.011118780423515398
504.3453380060341,0.010754810065095675
504.36533800603416,0.010409206639543875
504.38533800603415,0.010080973126369961
504.4053380060341,0.009769303750707689
504.42533800603417,0.009473403094186305
504.44533800603415,0.009192492547951429
504.46533800603413,0.008925813544927465
504.48533800603417,0.008672632731433292
504.50533800603415,0.008432244051910235
504.52533800603413,0.008203971790063122
504.54533800603417,0.007987171587346376
504.56533800603415,0.0077812319655239355
504.58533800603414,0.007585574837616147
504.6053380060342,0.007399655762596478
504.62533800603416,0.007222963212033948
504.64533800603414,0.0070550184489133186
504.6653380060341,0.006895375726763759
504.68533800603416,0.0067436191607776
504.70533800603414,0.006599363284563331
504.7253380060341,0.0064622513358885995
504.74533800603416,0.006331953904512587
504.76533800603414,0.006208167754116638
504.7853380060341,0.0060906144213615735
504.80533800603416,0.005979039019760046
504.82533800603414,0.005873208825511698
504.8453380060341,0.005772912173218667
504.86533800603416,0.00567795721627189
504.8853480060341,0.005588127187654606
504.90534800603416,0.005503356233039595
504.92534800603414,0.005423459288275483
504.9453480060341,0.005348312930615847
504.96534800603416,0.005277808351490345
504.98534800603414,0.005211850432181251
505.0053480060341,0.005150356476802408
505.02534800603416,0.0050932556728082844
505.04534800603415,0.00504048760238818
505.0653480060341,0.0049920014980416524
505.08534800603417,0.004947754801847937
505.10534800603415,0.004907712044701286
505.12534800603413,0.0048718434062534136
505.14534800603417,0.004840123367720263
505.16534800603415,0.004812528792743245
505.18534800603413,0.004789037430174089
505.20534800603417,0.004769626463742427
505.22534800603415,0.004754269604914626
505.24534800603413,0.004742936071622309
505.2653480060342,0.004735588002227277
505.28534800603416,0.0047321786109351454
505.30534800603414,0.004732650156589225
505.3253480060341,0.004736932204715445
505.34534800603416,0.004744939764235179
505.36534800603414,0.004756571934310078
505.3853480060341,0.004771710767417443
505.40534800603416,0.004790220470448325
505.4253580060342,0.004811958638318179
505.44535800603416,0.004836731184204288
505.46535800603414,0.004864358404943511
505.4853580060342,0.004894633747929595
505.50535800603416,0.004927335600564959
505.52535800603414,0.0049622288447563065
505.5453580060341,0.004999067378092659
505.56535800603416,0.005037596281237646
505.58535800603414,0.005077554653792137
505.6053580060341,0.005118678050307784
505.62535800603416,0.005160701220640854
505.64535800603414,0.005203360521821184
505.6653580060341,0.005246396170829825
505.68535800603416,0.005289553867468616
505.70535800603415,0.005332586522666445
505.7253580060341,0.005375255624770035
505.74535800603417,0.005417331120833638
505.76535800603415,0.005458592725367811
505.78535800603413,0.005498828984076724
505.80535800603417,0.005537837708777994
505.82535800603415,0.005575425187823037
505.84535800603413,0.0056114059450145136
505.86535800603417,0.005645601961035772
505.88535800603415,0.005677842422732648
505.90535800603413,0.00570796358643863
505.9253580060342,0.005735808666692482
505.94536800603413,0.005761239894787072
505.96536800603417,0.005784090375593242
505.98536800603415,0.005804240251125334
506.00536800603413,0.005821566083285973
506.02536800603417,0.005835955859932206
506.04536800603415,0.005847310207755465
506.06536800603413,0.005855544419000432
506.0853680060342,0.005860589676870349
506.10536800603415,0.005862395192307615
506.12536800603414,0.005860929298701194
506.1453680060342,0.005856180915393521
506.16536800603416,0.00584816017767192
506.18536800603414,0.005836898782341871
506.2053680060341,0.005822449648473839
506.22536800603416,0.005804886314780736
506.24536800603414,0.0057843011191770115
506.2653680060341,0.005760802546969812
506.28536800603416,0.005734513337438615
506.30536800603414,0.0057055661925826525
506.3253680060341,0.0056741002889910035
506.34536800603416,0.005640256878386542
506.36536800603415,0.005604174965532683
506.3853680060341,0.005565986999944539
506.40536800603417,0.005525814872884562
506.42536800603415,0.005483766383744161
506.44536800603413,0.005439932174608656
506.46536800603417,0.005394383755562127
506.4853780060341,0.0053471486076067136
506.50537800603416,0.005298304742365915
506.52537800603415,0.005247840624354402
506.5453780060341,0.00519575029107638
506.56537800603417,0.0051420132322634255
506.58537800603415,0.005086597699620664
506.60537800603413,0.005029465053355619
506.62537800603417,0.004970574079978618
506.64537800603415,0.0049098855247540615
506.66537800603413,0.00484736629013177
506.68537800603417,0.004782993617915125
506.70537800603415,0.004716758357895286
506.72537800603413,0.004648667693619222
506.7453780060342,0.004578747010021767
506.76537800603415,0.004507041073839329
506.78537800603414,0.0044336142320099805
506.8053780060342,0.004358549695491566
506.82537800603416,0.004281948822237864
506.84537800603414,0.00420392920507073
506.8653780060341,0.004124622761712864
506.88537800603416,0.004044173511565776
506.90537800603414,0.003962735443905313
506.9253780060341,0.0038804701574295924
506.94537800603416,0.003797544974046719
506.96537800603414,0.0037141311198724846
506.9853780060341,0.003630402193235163
507.00537800603416,0.0035465328428091643
507.0253880060341,0.0034626558842843435
507.04538800603416,0.003379029046795151
507.06538800603414,0.003295782691926847
507.0853880060341,0.0032130867291251574
507.10538800603416,0.003131108167713973
507.12538800603414,0.003050010137672886
507.1453880060341,0.002969951223024212
507.16538800603416,0.0028910843521456364
507.18538800603415,0.00281355585727734
507.2053880060341,0.0027375041838250346
507.22538800603417,0.00266305875227194
507.24538800603415,0.002590338729286352
507.26538800603413,0.002519451881218081
507.28538800603417,0.0024504934312051018
507.30538800603415,0.002383545224429399
507.32538800603413,0.0023186752283126193
507.34538800603417,0.0022559367291979816
507.36538800603415,0.002195368380367264
507.38538800603413,0.002136994274146061
507.4053880060342,0.0020808242587809635
507.42538800603415,0.0020268545409968053
507.44538800603414,0.0019750685433186747
507.4653880060342,0.0019254379206291626
507.48538800603416,0.0018779236525625752
507.50538800603414,0.001832477373265822
507.5253880060341,0.0017890426383876808
507.54539800603413,0.0017475359849604283
507.5653980060342,0.0017079302899974708
507.58539800603415,0.001670131558761798
507.60539800603414,0.0016340640787689152
507.6253980060342,0.0015996502513954416
507.64539800603416,0.0015668116584020488
507.66539800603414,0.0015354698336383494
507.6853980060341,0.0015055471528836542
507.70539800603416,0.0014769673869997615
507.72539800603414,0.0014496563238633104
507.7453980060341,0.0014235421225900465
507.76539800603416,0.001398555695996811
507.78539800603414,0.0013746309465472897
507.8053980060341,0.0013517049531550735
507.82539800603416,0.0013297179927101084
507.84539800603415,0.0013086136357696402
507.8653980060341,0.0012883388662913865
507.88539800603417,0.0012688437444887454
507.90539800603415,0.001250081546239627
507.92539800603413,0.0012320085737867804
507.94539800603417,0.0012145840353283439
507.96539800603415,0.0011977699024549996
507.98539800603413,0.001181530767628406
508.00539800603417,0.0011658336870295617
508.02539800603415,0.0011506480169465648
508.04539800603413,0.0011359452737104115
508.0653980060342,0.0011216989767232986
508.08540800603413,0.0011078777013520935
508.10540800603417,0.001094472360039809
508.12540800603415,0.0010814546429191876
508.14540800603413,0.0010688047250743706
508.16540800603417,0.0010565041427516503
508.18540800603415,0.0010445356947052702
508.20540800603413,0.0010328833247639916
508.2254080060342,0.0010215320601102038
508.24540800603415,0.0010104679024302257
508.26540800603414,0.0009996777734467839
508.2854080060342,0.0009891494266628207
508.30540800603416,0.0009788713931174222
508.32540800603414,0.0009688329180761523
508.3454080060341,0.0009590239145454493
508.36540800603416,0.0009494348926383033
508.38540800603414,0.0009400569282320825
508.4054080060341,0.000930881647375475
508.42540800603416,0.0009219011255337066
508.44540800603414,0.0009131079051535906
508.4654080060341,0.0009044949390115484
508.48540800603416,0.0008960555671264408
508.50540800603414,0.0008877834862215592
508.5254080060341,0.0008796727308051511
508.54540800603417,0.0008717176424401573
508.56540800603415,0.0008639128548649167
508.58540800603413,0.000856253271819537
508.60540800603417,0.0008487340500772318
508.6254180060341,0.0008413469230637904
508.64541800603416,0.0008340948893464774
508.66541800603414,0.0008269700484223946
508.6854180060341,0.0008199684180950872
508.70541800603417,0.0008130862056503493
508.72541800603415,0.0008063197861603045
508.74541800603413,0.0007996657030570401
508.76541800603417,0.0007931206522981802
508.78541800603415,0.0007866814786933919
508.80541800603413,0.000780345162681035
508.82541800603417,0.0007741088161016121
508.84541800603415,0.0007679696743121726
508.86541800603413,0.0007619250902570767
508.8854180060342,0.0007559725231142939
508.90541800603415,0.0007501095354574338
508.92541800603414,0.0007443337983582557
508.9454180060342,0.0007386430636937201
508.96541800603416,0.0007330351753993122
508.98541800603414,0.000727508060455393
509.0054180060341,0.000722059723328482
509.02541800603416,0.0007166882426331106
509.04541800603414,0.0007113917670544688
509.0654180060341,0.0007061685125453839
509.08541800603416,0.0007010167567163285
509.10541800603414,0.0006959348379281697
509.1254180060341,0.0006909211509661521
509.14542800603414,0.0006859716873444049
509.1654280060341,0.0006810898935982338
509.18542800603416,0.0006762718289073036
509.20542800603414,0.0006715160906767282
509.2254280060341,0.0006668213195772075
509.24542800603416,0.0006621862028185621
509.26542800603414,0.0006576094665951848
509.2854280060341,0.0006530898800630113
509.30542800603416,0.0006486262509408379
509.32542800603414,0.0006442174262224048
509.3454280060341,0.0006398622885753341
509.36542800603416,0.0006355597566142734
509.38542800603415,0.0006313087832422898
509.40542800603413,0.0006271083545781664
509.42542800603417,0.0006229574863839813
509.44542800603415,0.0006188552240365781
509.46542800603413,0.0006148006467570702
509.48542800603417,0.0006107928550849654
509.50542800603415,0.0006068309776401225
509.52542800603413,0.0006029141680182289
509.5454280060342,0.0005990416027764791
509.56542800603415,0.0005952124808907648
509.58542800603414,0.0005914260224054646
509.6054280060342,0.0005876814680446102
509.62542800603416,0.0005839780768837399
509.64542800603414,0.0005803151268084086
509.6654280060341,0.0005766919128930448
509.68543800603413,0.0005731059643959342
509.70543800603417,0.0005695601926753073
509.72543800603415,0.0005660521399188646
509.74543800603414,0.000562581164465551
509.7654380060342,0.0005591466400186449
509.78543800603416,0.0005557479559348614
509.80543800603414,0.0005523845147160386
509.8254380060341,0.0005490557356828384
509.84543800603416,0.0005457610515452447
509.86543800603414,0.000542499910865698
509.8854380060341,0.0005392717759264938
509.90543800603416,0.0005360761235732209
509.92543800603414,0.000532912444141813
509.9454380060341,0.0005297802423402334
509.96543800603416,0.0005266790338954311
509.98543800603414,0.000523608346758283
510.0054380060341,0.0005205677235362987
510.02543800603416,0.0005175567134132899
510.04543800603415,0.0005145748780576971
510.0654380060341,0.0005116217877771161
510.08543800603417,0.0005086970218808806
510.10543800603415,0.0005058001677022625
510.12543800603413,0.0005029308210162504
510.14543800603417,0.0005000885843639638
510.16543800603415,0.0004972730677888521
510.18543800603413,0.0004944838880079126
510.20543800603417,0.0004917206684070041
510.2254480060341,0.0004889816760083608
510.24544800603417,0.0004862692846790932
510.26544800603415,0.0004835817622753092
510.28544800603413,0.000480918757464394
510.30544800603417,0.0004782799268559789
510.32544800603415,0.0004756649324737941
510.34544800603413,0.00047307344409690467
510.36544800603417,0.00047050513831750455
510.38544800603415,0.0004679596991568755
510.40544800603413,0.000465436817334675
510.4254480060342,0.0004629361907891588
510.44544800603416,0.0004604575244510986
510.46544800603414,0.00045800053009529103
510.4854480060342,0.00045556492537975236
510.50544800603416,0.00045315043394340387
510.52544800603414,0.000450756787404516
510.5454480060341,0.00044838372057031984
510.56544800603416,0.00044603097426864713
510.58544800603414,0.00044369829439192844
510.6054480060341,0.00044138543114777566
510.62544800603416,0.0004390921390841658
510.64544800603414,0.0004368181766120391
510.6654480060341,0.0004345633061012215
510.68544800603416,0.00043232729297084917
510.70544800603415,0.0004301099061152727
510.7254480060341,0.000427910917335406
510.74545800603414,0.00042572901540445626
510.7654580060341,0.0004235661584171212
510.78545800603416,0.00042142103165473607
510.80545800603414,0.00041929341852056364
510.8254580060341,0.0004171831046874419
510.84545800603416,0.0004150898799284335
510.86545800603415,0.00041301353639336733
510.8854580060341,0.00041095387037906275
510.90545800603417,0.0004089106818259444
510.92545800603415,0.0004068837747965566
510.94545800603413,0.0004048729571050037
510.96545800603417,0.0004028780407518793
510.98545800603415,0.0004008988418408853
511.00545800603413,0.00039893518051000283
511.02545800603417,0.00039698688033427737
511.04545800603415,0.00039505376838239745
511.06545800603413,0.0003931356766527193
511.0854580060342,0.00039123243871339497
511.10545800603416,0.0003893438916755546
511.12545800603414,0.0003874698755259998
511.1454580060341,0.0003856102325569941
511.16545800603416,0.00038376480737128157
511.18545800603414,0.0003819334464915446
511.2054580060341,0.0003801159984141645
511.22545800603416,0.00037831231290909626
511.24545800603414,0.0003765222413157582
511.2654580060341,0.00037474563611492636
511.28546800603414,0.00037298147258875316
511.3054680060342,0.0003712313685114873
511.32546800603416,0.0003694942950298251
511.34546800603414,0.00036777010914180205
511.3654680060341,0.00036605866945125853
511.38546800603416,0.0003643598365078891
511.40546800603414,0.0003626734722019571
511.4254680060341,0.00036099944137395776
511.44546800603416,0.00035933761087098703
511.46546800603414,0.00035768785061218565
511.4854680060341,0.00035605003310225527
511.50546800603416,0.0003544240338706783
511.52546800603415,0.00035280973118883755
511.5454680060341,0.0003512070065236325
511.56546800603417,0.0003496157433615041
511.58546800603415,0.00034803582765234316
511.60546800603413,0.0003464671486404481
511.62546800603417,0.0003449095960191444
511.64546800603415,0.0003433630619877079
511.66546800603413,0.00034182743983386535
511.68546800603417,0.00034030262404452326
511.70546800603415,0.00033878850993983555
511.72546800603413,0.000337284993819125
511.7454680060342,0.0003357919723393441
511.76546800603415,0.00033430934283489424
511.78546800603414,0.0003328370030312138
511.8054680060342,0.00033137485112336184
511.82547800603413,0.00032992206208931054
511.84547800603417,0.0003284799871796736
511.86547800603415,0.0003270477978640831
511.88547800603413,0.0003256253945949776
511.9054780060342,0.0003242126794093819
511.92547800603415,0.0003228095550069172
511.94547800603414,0.00032141592583385514
511.9654780060342,0.00032003169790774275
511.98547800603416,0.0003186567790981332
512.0054780060342,0.00031729107900162776
512.0254780060342,0.0003159345092084448
512.0454780060342,0.0003145869832800263
512.0654780060341,0.0003132484167020753
512.0854780060341,0.0003119187265729973
512.1054780060341,0.00031059783159080356
512.1254780060342,0.00030928565285361385
512.1454780060342,0.00030798211194628817
512.1654780060342,0.0003066871320188949
512.1854780060341,0.00030540063740016005
512.2054780060341,0.0003041225532418648
512.2254780060341,0.0003028528055164371
512.2454780060341,0.0003015913207675786
512.2654780060342,0.00030033802614645965
512.2854780060342,0.0002990928489884485
512.3054780060341,0.00029785571699177685
512.3254780060341,0.00029662655796146493
512.3454880060342,0.0002954046911529188
512.3654880060342,0.0002941912657528084
512.3854880060342,0.000292985597297419
512.4054880060341,0.00029178761430711256
512.4254880060341,0.00029059724532959477
512.4454880060341,0.0002894144198803312
512.4654880060341,0.0002882390677444183
512.4854880060342,0.0002870711198560705
512.5054880060342,0.00028591050821078173
512.5254880060342,0.0002847571661066935
512.5454880060341,0.0002836110280916118
512.5654880060341,0.0002824720301951623
512.5854880060341,0.00028134010993498455
512.6054880060342,0.00028021520629161216
512.6254880060342,0.0002790972594836827
512.6454880060342,0.00027798621095182863
512.6654880060341,0.0002768820039813321
512.6854880060341,0.00027578458220614153
512.7054880060341,0.0002746938904308515
512.7254880060342,0.000273609874312696
512.7454880060342,0.0002725324800561828
512.7654880060342,0.000271461654384288
512.7854880060341,0.0002703973443072446
512.8054880060341,0.0002693394971212624
512.8254880060341,0.0002682880600414337
512.8454880060342,0.0002672429803186792
512.8654880060342,0.00026620420501859225
512.8854980060341,0.00026517116631803023
512.9054980060341,0.00026414484331980696
512.9254980060341,0.00026312466488014605
512.9454980060342,0.0002621105774540825
512.9654980060342,0.0002611025276991155
512.9854980060342,0.00026010046270512365
513.0054980060341,0.0002591043297881745
513.0254980060341,0.00025811407734678543
513.0454980060341,0.0002571296544959541
513.0654980060342,0.0002561510116316162
513.0854980060342,0.0002551781002701315
513.1054980060342,0.00025421087328925227
513.1254980060341,0.00025324928480624005
513.1454980060341,0.00025229329040824493
513.1654980060341,0.00025134284656707067
513.1854980060341,0.0002503979108210029
513.2054980060342,0.0002494584421258382
513.2254980060342,0.00024852439945946694
513.2454980060342,0.00024759574275071144
513.2654980060341,0.0002466724321493128
513.2854980060341,0.0002457544280333898
513.3054980060341,0.00024484169079317406
513.3254980060342,0.00024393418086685845
513.3454980060342,0.00024303185840933843
513.3654980060342,0.00024213468343645077
513.3854980060341,0.00024124261567307013
513.4054980060341,0.0002403556146010883
513.4255080060342,0.00023947319965150066
513.4455080060342,0.00023859621187238852
513.4655080060342,0.00023772416811315594
513.4855080060341,0.00023685702731610395
513.5055080060341,0.0002359947489239227
513.5255080060341,0.00023513729245845357
513.5455080060342,0.00023428461812163384
513.5655080060342,0.00023343668677792905
513.5855080060342,0.00023259346011861922
513.6055080060341,0.00023175490065355307
513.6255080060341,0.00023092097186567953
513.6455080060341,0.00023009163821769343
513.6655080060342,0.0002292668651263128
513.6855080060342,0.00022844661881441373
513.7055080060342,0.00022763086627643317
513.7255080060341,0.0002268195756641535
513.7455080060341,0.0002260127153043599
513.7655080060341,0.00022521025420719945
513.7855080060341,0.00022441216184642865
513.8055080060342,0.00022361840794445092
513.8255080060342,0.00022282896244421946
513.8455080060342,0.0002220437953462102
513.8655080060341,0.00022126287670433197
513.8855080060341,0.0002204861763775351
513.9055080060341,0.00021971366410521154
513.9255080060342,0.0002189453093569204
513.9455180060341,0.00021818070024752072
513.9655180060341,0.00021742056988200215
513.9855180060341,0.0002166645037889511
514.0055180060341,0.0002159124705554117
514.0255180060342,0.00021516443851960732
514.0455180060342,0.00021442037631924632
514.0655180060342,0.00021368025255895688
514.0855180060341,0.00021294403632048336
514.1055180060341,0.0002122116971730932
514.1255180060341,0.0002114832053250795
514.1455180060342,0.0002107585316402611
514.1655180060342,0.00021003764778031487
514.1855180060342,0.00020932052622428456
514.2055180060341,0.00020860714025614026
514.2255180060341,0.00020789746385240843
514.2455180060341,0.00020719147165330361
514.2655180060342,0.00020648913927702212
514.2855180060342,0.00020579044251162868
514.3055180060342,0.00020509535772004234
514.3255180060341,0.00020440386164729364
514.3455180060341,0.0002037159312262985
514.3655180060341,0.00020303154353467747
514.3855180060341,0.0002023506756369395
514.4055180060342,0.00020167330455840652
514.4255180060342,0.00020099940705765613
514.4455180060341,0.00020032895967045532
514.4655180060341,0.00019966193857257273
514.4855280060342,0.0001989979886152765
514.5055280060342,0.00019833774880122088
514.5255280060342,0.00019768086166562808
514.5455280060341,0.00019702730205337765
514.5655280060341,0.00019637704473325456
514.5855280060341,0.00019573006456260317
514.6055280060341,0.00019508633641853384
514.6255280060342,0.00019444583571637323
514.6455280060342,0.00019380853825342486
514.6655280060342,0.00019317442055299448
514.6855280060341,0.00019254345981078872
514.7055280060341,0.00019191563404487874
514.7255280060341,0.0001912909220349295
514.7455280060342,0.0001906693034508223
514.7655280060342,0.00019005075851502023
514.7855280060342,0.0001894352680820072
514.8055280060341,0.0001888228138031829
514.8255280060341,0.00018821337732948174
514.8455280060341,0.00018760694078931084
514.8655280060342,0.00018700348635205331
514.8855280060342,0.00018640299620107875
514.9055280060342,0.00018580545238600289
514.9255280060341,0.00018521083681848093
514.9455280060341,0.00018461913106737683
514.9655280060341,0.0001840303164276883
514.9855280060342,0.00018344437382662875
515.0055280060342,0.00018286128385204363
515.0255380060341,0.00018228073729368265
515.0455380060341,0.00018170329438630902
515.0655380060341,0.000181128644120919
515.0855380060342,0.00018055676609993377
515.1055380060342,0.00017998764010628964
515.1255380060342,0.00017942124589177556
515.1455380060341,0.00017885756355071812
515.1655380060341,0.00017829657354678414
515.1855380060341,0.00017773825682513208
515.2055380060342,0.00017718259483508954
515.2255380060342,0.00017662956963083705
515.2455380060342,0.00017607916388417047
515.2655380060341,0.00017553136086905077
515.2855380060341,0.00017498614437768444
515.3055380060341,0.00017444349868609498
515.3255380060341,0.00017390340876074855
515.3455380060342,0.00017336585968437168
515.3655380060342,0.00017283083692409446
515.3855380060342,0.00017229832618727344
515.4055380060341,0.0001717683132763823
515.4255380060341,0.00017124078405278862
515.4455380060341,0.00017071572432020708
515.4655380060342,0.00017019311980394721
515.4855380060342,0.0001696729559867245
515.5055380060342,0.0001691552181362437
515.5255380060341,0.00016863989120114562
515.5455480060341,0.0001681267039292884
515.5655480060342,0.0001676161534852009
515.5855480060342,0.00016710796669957428
515.6055480060342,0.00016660212715343032
515.6255480060341,0.00016609861793390578
515.6455480060341,0.000165597421808493
515.6655480060341,0.00016509852076190078
515.6855480060342,0.00016460189584159508
515.7055480060342,0.0001641075264198521
515.7255480060342,0.00016361538907722686
515.7455480060341,0.0001631254557434118
515.7655480060341,0.00016263769092834398
515.7855480060341,0.0001621520474989302
515.8055480060342,0.00016166846052601845
515.8255480060342,0.0001611868385184295
