Energy,O_XANES
497.4778531529643,5.071160393951966e-05
497.4978531529643,5.148427572412608e-05
497.51785315296434,5.224589568957674e-05
497.5378531529643,5.2996129393639025e-05
497.5578531529643,5.3734676394548625e-05
497.57785315296434,5.4461270720867455e-05
497.5978531529643,5.517568025653129e-05
497.6178531529643,5.587770693574776e-05
497.63785315296434,5.656718621881546e-05
497.6578531529643,5.7243987162834095e-05
497.6778531529643,5.790801149817156e-05
497.69785315296434,5.855919287383483e-05
497.7178531529643,5.919749632349411e-05
497.7378531529643,5.982291722318028e-05
497.7578631529643,6.043578439675543e-05
497.7778631529643,6.103553817513612e-05
497.79786315296434,6.162256888893783e-05
497.8178631529643,6.219698373075053e-05
497.8378631529643,6.275891423357338e-05
497.85786315296434,6.330851579805396e-05
497.8778631529643,6.384596598722318e-05
497.8978631529643,6.437146301132622e-05
497.9178631529643,6.488522438970542e-05
497.9378631529643,6.538748573768575e-05
497.9578631529643,6.587849888254904e-05
497.9778631529643,6.635853096998601e-05
497.9978631529643,6.682786241898773e-05
498.0178631529643,6.72867857310449e-05
498.0378631529643,6.773560418474791e-05
498.05786315296433,6.81746301258836e-05
498.0778631529643,6.860418371611643e-05
498.0978631529643,6.902459224848923e-05
498.11786315296433,6.943618748039207e-05
498.1378631529643,6.983930574273745e-05
498.1578631529643,7.023428565771504e-05
498.17786315296433,7.0621467809522e-05
498.1978631529643,7.100119325902572e-05
498.2178631529643,7.137380255914366e-05
498.23786315296434,7.173963473841031e-05
498.2578631529643,7.209902645017698e-05
498.27787315296433,7.245248620868057e-05
498.2978731529643,7.279999051525533e-05
498.3178731529643,7.314204194482713e-05
498.33787315296433,7.347895971019755e-05
498.3578731529643,7.381105707926241e-05
498.3778731529643,7.413864062537447e-05
498.39787315296434,7.446200998616698e-05
498.4178731529643,7.478145736089963e-05
498.4378731529643,7.509726708332218e-05
498.45787315296434,7.540971540933864e-05
498.4778731529643,7.571907027992916e-05
498.4978731529643,7.602559102551761e-05
498.51787315296434,7.632952835577483e-05
498.5378731529643,7.663112414053155e-05
498.5578731529643,7.693061135063671e-05
498.57787315296434,7.722821415559692e-05
498.5978731529643,7.752414778265197e-05
498.6178731529643,7.781861864752995e-05
498.6378731529643,7.811182460563377e-05
498.6578731529643,7.840395470333526e-05
498.6778731529643,7.869518965430111e-05
498.6978731529643,7.898570177891095e-05
498.71787315296433,7.927565535901253e-05
498.7378731529643,7.956520673505037e-05
498.7578731529643,7.985450455423614e-05
498.77787315296433,8.014369002372286e-05
498.7978731529643,8.04328971360054e-05
498.8178831529643,8.07223976568524e-05
498.8378831529643,8.101202259679273e-05
498.8578831529643,8.130203051873881e-05
498.87788315296433,8.159252917330529e-05
498.8978831529643,8.18836204045171e-05
498.9178831529643,8.217540048188251e-05
498.93788315296433,8.246796031636287e-05
498.9578831529643,8.276138571407724e-05
498.9778831529643,8.305575772413739e-05
498.99788315296433,8.335115283095398e-05
499.0178831529643,8.364764322001968e-05
499.0378831529643,8.394529704096333e-05
499.05788315296434,8.424417865002807e-05
499.0778831529643,8.454434881802225e-05
499.0978831529643,8.48458650351144e-05
499.11788315296434,8.51487816254164e-05
499.1378831529643,8.545315004550488e-05
499.1578831529643,8.575901905727127e-05
499.17788315296434,8.60664348733556e-05
499.1978831529643,8.637544143298976e-05
499.2178831529643,8.66860805205252e-05
499.2378831529643,8.699839197549172e-05
499.2578831529643,8.731241378399416e-05
499.2778831529643,8.762818227546876e-05
499.2978831529643,8.794573229115817e-05
499.3178831529643,8.826509728025828e-05
499.3378831529643,8.858630945345397e-05
499.3578931529643,8.890956177025847e-05
499.3778931529643,8.923456127242777e-05
499.39789315296434,8.956149813114609e-05
499.4178931529643,8.98904005870004e-05
499.4378931529643,9.022129622698922e-05
499.4578931529643,9.055421194092474e-05
499.4778931529643,9.088917406332542e-05
499.4978931529643,9.122620842413988e-05
499.5178931529643,9.156534047218798e-05
499.53789315296433,9.190659524744026e-05
499.5578931529643,9.224999752983693e-05
499.5778931529643,9.259557178461956e-05
499.59789315296433,9.294334234612953e-05
499.6178931529643,9.32933333652901e-05
499.6378931529643,9.364556890383375e-05
499.65789315296433,9.40000729540017e-05
499.6778931529643,9.435686949648581e-05
499.6978931529643,9.471598241379471e-05
499.71789315296434,9.507743575995835e-05
499.7378931529643,9.544125352611304e-05
499.7578931529643,9.580745990970633e-05
499.77789315296434,9.61760791533167e-05
499.7978931529643,9.654713563388365e-05
499.8178931529643,9.692065387861857e-05
499.83789315296434,9.729665862999749e-05
499.8578931529643,9.767517481272173e-05
499.87790315296434,9.805641874438479e-05
499.8979031529643,9.84400346112539e-05
499.9179031529643,9.882623800265408e-05
499.93790315296434,9.921505476830857e-05
499.9579031529643,9.960651097207981e-05
499.9779031529643,0.00010000063305867707
499.99790315296434,0.00010039744769676937
500.0179031529643,0.00010079698187156645
500.0379031529643,0.00010119926286489651
500.0579031529643,0.0001016043183378515
500.0779031529643,0.00010201217621917631
500.0979031529643,0.00010242286483420122
500.1179031529643,0.0001028364127697519
500.1379031529643,0.00010325284905734543
500.1579031529643,0.00010367220305291176
500.1779031529643,0.00010409450451168214
500.19790315296433,0.00010451978356999741
500.2179031529643,0.00010494807078184234
500.2379031529643,0.00010537939696819536
500.25790315296433,0.00010581379353932214
500.2779031529643,0.00010625129215589809
500.2979031529643,0.0001066919250567331
500.31790315296433,0.0001071357248220047
500.3379031529643,0.00010758272447000792
500.3579031529643,0.00010803295745677354
500.37790315296434,0.00010848645774588657
500.3979031529643,0.00010894325974880912
500.41791315296433,0.00010940362928096009
500.4379131529643,0.0001098671414062382
500.4579131529643,0.00011033406133645114
500.47791315296433,0.00011080442541150534
500.4979131529643,0.00011127827040768317
500.5179131529643,0.00011175563374951947
500.53791315296434,0.00011223655331970033
500.5579131529643,0.00011272106746274974
500.5779131529643,0.00011320921519559892
500.59791315296434,0.00011370103604654907
500.6179131529643,0.00011419657006791872
500.6379131529643,0.0001146958579203598
500.65791315296434,0.0001151989408245815
500.6779131529643,0.00011570586055829877
500.6979131529643,0.00011621665963054188
500.71791315296434,0.00011673138102264515
500.7379131529643,0.0001172500684397018
500.7579131529643,0.00011777276623411736
500.7779131529643,0.00011829951924592687
500.7979131529643,0.00011883037314658848
500.8179131529643,0.00011936537419527934
500.8379131529643,0.00011990456943453256
500.85791315296433,0.00012044800648339486
500.8779131529643,0.00012099573368511325
500.8979131529643,0.00012154780017635854
500.91791315296433,0.00012210425580897944
500.9379131529643,0.00012266515122544646
500.9579231529643,0.00012323082134920837
500.9779231529643,0.00012380075316085817
500.9979231529643,0.0001243752811390836
501.01792315296433,0.00012495445892180397
501.0379231529643,0.00012553834114659002
501.0579231529643,0.00012612698317329774
501.07792315296433,0.00012672044124325253
501.0979231529643,0.00012731877243695217
501.1179231529643,0.0001279220348308355
501.13792315296433,0.00012853028728683326
501.1579231529643,0.00012914358969182873
501.1779231529643,0.000129762002715396
501.19792315296434,0.00013038558813927112
501.2179231529643,0.00013101440864522916
501.2379231529643,0.00013164852796017989
501.25792315296434,0.00013228801081752504
501.2779231529643,0.0001329329230357407
501.2979231529643,0.00013358333125416857
501.31792315296434,0.00013423930351541514
501.3379231529643,0.0001349009086633466
501.3579231529643,0.0001355682169443911
501.37792315296434,0.0001362412995857321
501.3979231529643,0.00013692022898143514
501.4179231529643,0.00013760507869384718
501.4379231529643,0.00013829592359956478
501.4579231529643,0.0001389928397851938
501.47793315296434,0.0001396962577260866
501.4979331529643,0.00014040555270638047
501.5179331529643,0.00014112115491117148
501.53793315296434,0.00014184314562686327
501.5579331529643,0.00014257160738419616
501.5779331529643,0.00014330662435962346
501.5979331529643,0.00014404828200041014
501.6179331529643,0.00014479666725336184
501.6379331529643,0.00014555186850864304
501.6579331529643,0.0001463139758386787
501.67793315296433,0.0001470830806995366
501.6979331529643,0.00014785927628432723
501.7179331529643,0.00014864265718875772
501.73793315296433,0.00014943331988364966
501.7579331529643,0.00015023136242417205
501.7779331529643,0.00015103688467245585
501.79793315296433,0.0001518499882410285
501.8179331529643,0.00015267077662236843
501.8379331529643,0.0001534993548275941
501.85793315296434,0.00015433583021526054
501.8779331529643,0.00015518031165395868
501.8979331529643,0.00015603291038744592
501.91793315296434,0.00015689373944725225
501.9379331529643,0.00015776291393159686
501.9579331529643,0.00015864055101411288
501.97793315296434,0.00015952677017419415
501.9979331529643,0.00016042169305728436
502.01794315296434,0.00016132589772990265
502.0379431529643,0.00016223860624046502
502.0579431529643,0.00016316039717007854
502.07794315296434,0.00016409140149404095
502.0979431529643,0.0001650317524800719
502.1179431529643,0.00016598158627976984
502.13794315296434,0.0001669410414739841
502.1579431529643,0.00016791025908813775
502.1779431529643,0.00016888938323093915
502.19794315296434,0.00016987856068864988
502.2179431529643,0.0001708779409767301
502.2379431529643,0.00017188767664047056
502.2579431529643,0.00017290792315706623
502.2779431529643,0.0001739388389536771
502.2979431529643,0.0001749805859739309
502.3179431529643,0.00017603332896680586
502.3379431529643,0.0001770972362501376
502.3579431529643,0.0001781724795512768
502.3779431529643,0.0001792592336241325
502.39794315296433,0.00018035767722920413
502.4179431529643,0.0001814679925508424
502.4379431529643,0.0001825903657696203
502.45794315296433,0.00018372498656754269
502.4779431529643,0.00018487204856998532
502.4979431529643,0.00018603174965029553
502.51794315296434,0.00018720429174817833
502.5379431529643,0.0001883898811627093
502.55795315296433,0.00018958933038538048
502.5779531529643,0.0001908016562660967
502.5979531529643,0.000192027674392465
502.61795315296433,0.0001932676087293517
502.6379531529643,0.0001945216885840626
502.6579531529643,0.0001957901478891711
502.67795315296434,0.0001970732257588745
502.6979531529643,0.00019837116640293944
502.7179531529643,0.00019968421979659807
502.73795315296434,0.00020101264102291412
502.7579531529643,0.00020235669118382616
502.7779531529643,0.0002037166367240554
502.79795315296434,0.00020509275056588912
502.8179531529643,0.00020648531153202344
502.8379531529643,0.00020789460499787973
502.85795315296434,0.00020932092277214373
502.8779531529643,0.00021076456354384178
502.8979531529643,0.00021222583218421742
502.9179531529643,0.0002137050416744392
502.9379531529643,0.00021520251135416922
502.9579531529643,0.0002167185690026776
502.9779531529643,0.00021825354961805835
502.9979531529643,0.000219807796190352
503.0179531529643,0.00022138165981367417
503.0379531529643,0.00022297550040958577
503.05795315296433,0.00022458968651587992
503.0779631529643,0.00022622541848658565
503.0979631529643,0.00022788144724512427
503.1179631529643,0.00022955898218410714
503.1379631529643,0.00023125842942274508
503.1579631529643,0.00023298020480608088
503.1779631529643,0.00023472473546260633
503.1979631529643,0.00023649245880758316
503.21796315296433,0.00023828382356152388
503.2379631529643,0.0002400992896959492
503.2579631529643,0.00024193932976546197
503.27796315296433,0.0002438044278800889
503.2979631529643,0.0002456950814160427
503.3179631529643,0.0002476118000466692
503.33796315296433,0.00024955510778408997
503.3579631529643,0.0002515255421714407
503.3779631529643,0.00025352365564531844
503.39796315296434,0.000255550015405609
503.4179631529643,0.00025760520444561424
503.4379631529643,0.0002596898206260927
503.45796315296434,0.0002618044800438821
503.4779631529643,0.000263949814394903
503.4979631529643,0.00026612647471264863
503.51796315296434,0.0002683351295801402
503.5379631529643,0.0002705764667245984
503.5579631529643,0.00027285119345264454
503.5779631529643,0.0002751600382629806
503.5979631529643,0.000277503750776096
503.61797315296434,0.0002798843016503627
503.6379731529643,0.00028230010460984556
503.6579731529643,0.0002847531602752807
503.67797315296434,0.00028724431178772924
503.6979731529643,0.00028977442726982317
503.7179731529643,0.0002923444029413492
503.7379731529643,0.00029495516226953197
503.7579731529643,0.0002976076565110393
503.7779731529643,0.0003003028687392622
503.7979731529643,0.00030304181290311704
503.8179731529643,0.00030582553488395795
503.8379731529643,0.0003086551150851446
503.8579731529643,0.0003115316691544461
503.87797315296433,0.00031445634892020286
503.8979731529643,0.0003174303467285948
503.9179731529643,0.00032045489302592433
503.93797315296433,0.00032353126143891674
503.9579731529643,0.00032666076956006253
503.9779731529643,0.000329844778948708
503.99797315296433,0.00033308470075202746
504.0179731529643,0.00033638199548808857
504.0379731529643,0.00033973817701936343
504.05797315296434,0.00034315481263935953
504.0779731529643,0.0003466335268155111
504.0979731529643,0.00035017600539530524
504.11797315296434,0.0003537839968217655
504.1379731529643,0.00035745931617955803
504.15798315296433,0.00036120573253271534
504.1779831529643,0.00036502146199273155
504.1979831529643,0.0003689103914424127
504.21798315296434,0.0003728746319338335
504.2379831529643,0.00037691638115368455
504.2579831529643,0.00038103792360614244
504.27798315296434,0.0003852416374115295
504.2979831529643,0.0003895299967857438
504.3179831529643,0.000393905582164505
504.33798315296434,0.00039837107901003274
504.3579831529643,0.0004029292890897825
504.3779831529643,0.00040758313117044006
504.3979831529643,0.00041233565353511334
504.4179831529643,0.0004171900353036537
504.4379831529643,0.00042214959873789436
504.4579831529643,0.00042721781222000076
504.4779831529643,0.0004323983016602557
504.4979831529643,0.00043769485361913135
504.5179831529643,0.00044311143411524537
504.53798315296433,0.0004486521862134793
504.5579831529643,0.00045432145260838305
504.5779831529643,0.0004601237763820439
504.59798315296433,0.0004660639162323714
504.6179831529643,0.0004721468564490917
504.6379831529643,0.0004783778244540129
504.65798315296433,0.0004847622997931199
504.6779931529643,0.0004913093424283738
504.69799315296433,0.000498018430749966
504.7179931529643,0.00050489912855675
504.7379931529643,0.0005119580746544727
504.75799315296433,0.0005192022354949342
504.7779931529643,0.000526638932051069
504.7979931529643,0.0005342758496702755
504.81799315296433,0.0005421210635259224
504.8379931529643,0.0005501830511491912
504.8579931529643,0.0005584707314500107
504.87799315296434,0.0005669934665900899
504.8979931529643,0.0005757611023759214
504.9179931529643,0.0005847839782558554
504.93799315296434,0.0005940729700873893
504.9579931529643,0.000603639500286177
504.9779931529643,0.000613495584333526
504.99799315296434,0.0006236538413665372
505.0179931529643,0.0006341275370398522
505.0379931529643,0.0006449306002007751
505.0579931529643,0.0006560776797531415
505.0779931529643,0.000667584145673651
505.0979931529643,0.000679466159142994
505.1179931529643,0.0006917406785228562
505.1379931529643,0.0007044255073830396
505.1579931529643,0.0007175393236351942
505.1779931529643,0.0007311017348079108
505.19799315296433,0.0007451333018164283
505.21800315296434,0.0007596629701489569
505.2380031529643,0.0007746987901134957
505.2580031529643,0.000790271584441579
505.2780031529643,0.0008064061307502991
505.2980031529643,0.0008231283513693754
505.3180031529643,0.0008404653793255001
505.3380031529643,0.0008584455796742446
505.35800315296433,0.0008770985635408915
505.3780031529643,0.0008964552886431335
505.3980031529643,0.0009165480559903053
505.41800315296433,0.000937410534787959
505.4380031529643,0.0009590778273594732
505.4580031529643,0.0009815864923468265
505.47800315296433,0.001004974551738506
505.4980031529643,0.0010292815927596725
505.5180031529643,0.0010545486973756709
505.53800315296434,0.001080818536228073
505.5580031529643,0.001108135370256613
505.5780031529643,0.0011365450383099655
505.59800315296434,0.0011660950127165691
505.6180031529643,0.0011968343928442872
505.6380031529643,0.0012288139154411977
505.65800315296434,0.0012620859240498783
505.6780031529643,0.001296704366610676
505.6980031529643,0.0013327248306987725
505.71800315296434,0.0013702044780392118
505.7380031529643,0.0014092020410556363
505.75801315296434,0.0014497983354644388
505.7780131529643,0.0014920146179864381
505.7980131529643,0.0015359339012902611
505.81801315296434,0.001581620653460175
505.8380131529643,0.00162914069006506
505.8580131529643,0.0016785610094265059
505.87801315296434,0.0017299497439713651
505.8980131529643,0.0017833760199213043
505.9180131529643,0.001838909954237069
505.9380131529643,0.001896622362695321
505.9580131529643,0.0019565847858721967
505.9780131529643,0.002018869197928635
505.9980131529643,0.00208354799365076
506.01801315296433,0.002150693701622091
506.0380131529643,0.0022203788937839473
506.0580131529643,0.0022926759142879558
506.07801315296433,0.0023676567339215317
506.0980131529643,0.002445392598129504
506.1180131529643,0.0025259540398168802
506.13801315296433,0.002609410343989122
506.1580131529643,0.0026958295843126146
506.1780131529643,0.002785278125792991
506.19801315296434,0.002877820435656416
506.2180131529643,0.002973518767511954
506.2380131529643,0.0030724329436336456
506.25801315296434,0.0031746199706445327
506.2780231529643,0.0032801873594269816
506.29802315296433,0.0033890798772393503
506.3180231529643,0.0035013962538258366
506.3380231529643,0.0036171790395277187
506.35802315296434,0.0037364662598628642
506.3780231529643,0.0038592912786374256
506.3980231529643,0.003985682220933925
506.41802315296434,0.004115661714882094
506.4380231529643,0.004249246575782199
506.4580231529643,0.004386447450420169
506.47802315296434,0.004527268369387045
506.4980231529643,0.004671706569062051
506.5180231529643,0.00481975196575567
506.53802315296434,0.004971387023823793
506.5580231529643,0.005126586366424363
506.5780231529643,0.005285316390525125
506.5980231529643,0.005447535144336121
506.6180231529643,0.005613191968953258
506.6380231529643,0.005782227038872784
506.6580231529643,0.005954571579560336
506.67802315296433,0.006130147206213612
506.6980231529643,0.006308866059876818
506.7180231529643,0.0064906304133863614
506.73802315296433,0.006675332589565149
506.7580231529643,0.006862854923186427
506.7780231529643,0.007053069608332489
506.79802315296433,0.007245838657997097
506.8180331529643,0.00744111209160808
506.83803315296433,0.007638536176168674
506.8580331529643,0.00783803945681503
506.8780331529643,0.008039443356818318
506.89803315296433,0.00824255929744624
506.9180331529643,0.008447189067864933
506.9380331529643,0.008653124737252953
506.95803315296433,0.008860149136202141
506.9780331529643,0.009068035980708383
506.9980331529643,0.009276550172638008
507.01803315296434,0.009485448374765686
507.0380331529643,0.009694479162737411
507.0580331529643,0.00990338349080533
507.07803315296434,0.010111895353025363
507.0980331529643,0.010319742005614302
507.1180331529643,0.010526644773785466
507.13803315296434,0.010732319548436097
507.1580331529643,0.01093647736029133
507.1780331529643,0.011138824973037942
507.19803315296434,0.011339065807511803
507.2180331529643,0.011536900322591595
507.2380331529643,0.011732027003943298
507.2580331529643,0.011924142986039148
507.2780331529643,0.012112944985471273
507.2980331529643,0.01229812986630239
507.3180331529643,0.012479395613499082
507.33803315296433,0.012656442077943253
507.35804315296434,0.012829057434848632
507.3780431529643,0.012996774968432545
507.3980431529643,0.013159392909066283
507.4180431529643,0.013316627423017589
507.4380431529643,0.013468200681007222
507.4580431529643,0.01361384193436346
507.4780431529643,0.01375328826815927
507.4980431529643,0.013886285438867017
507.5180431529643,0.014012588429747036
507.5380431529643,0.01413196279436361
507.55804315296433,0.014244184787022355
507.5780431529643,0.01434904260807347
507.5980431529643,0.014446336682706803
507.61804315296433,0.014535880583835202
507.6380431529643,0.014617501559732456
507.6580431529643,0.01469104112493276
507.67804315296434,0.01475635555515459
507.6980431529643,0.014813316805234757
507.7180431529643,0.01486181211410215
507.73804315296434,0.014901745340747239
507.7580431529643,0.014933036483861663
507.7780431529643,0.014955622584040209
507.79804315296434,0.014969457781015232
507.8180431529643,0.014974513428983795
507.8380431529643,0.014970778176131955
507.85804315296434,0.01495825814209274
507.8780531529643,0.01493696397155444
507.89805315296434,0.01490695843070684
507.9180531529643,0.014868291015255608
507.9380531529643,0.014821037152631297
507.95805315296434,0.014765289384526249
507.9780531529643,0.014701156447285887
507.9980531529643,0.014628763672424203
508.01805315296434,0.014548252249882465
508.0380531529643,0.014459778699992801
508.0580531529643,0.014363514602148294
508.0780531529643,0.014259645851978094
508.0980531529643,0.014148372176615565
508.1180531529643,0.014029906669139428
508.1380531529643,0.013904474787755689
508.1580531529643,0.013772313722262437
508.1780531529643,0.01363367194616448
508.1980531529643,0.013488807942219714
508.21805315296433,0.013337989698689538
508.2380531529643,0.01318149426826447
508.2580531529643,0.013019605982340105
508.27805315296433,0.012852616441621287
508.2980531529643,0.012680823079117358
508.3180531529643,0.012504528642022818
508.33805315296433,0.012324040197548384
508.3580531529643,0.012139668109154586
508.3780531529643,0.011951725265892336
508.39805315296434,0.011760526176831099
508.4180631529643,0.011566288298515063
508.43806315296433,0.01136952109324262
508.4580631529643,0.01117044231242445
508.4780631529643,0.010969364302838826
508.49806315296433,0.01076659687347457
508.5180631529643,0.010562446317291361
508.5380631529643,0.010357214934172007
508.55806315296434,0.010151200072907998
508.5780631529643,0.009944693617160421
508.5980631529643,0.00973798134456936
508.61806315296434,0.009531342019727291
508.6380631529643,0.009325047182039114
508.6580631529643,0.009119360516660237
508.67806315296434,0.008914537197997188
508.6980631529643,0.008710823640958406
508.7180631529643,0.00850845698744531
508.7380631529643,0.008307664738964111
508.7580631529643,0.008108664492982254
508.7780631529643,0.007911663664813136
508.7980631529643,0.007716859205657235
508.8180631529643,0.007524437479169357
508.8380631529643,0.007334574096270765
508.8580631529643,0.007147433772545918
508.87806315296433,0.006963170300177361
508.8980631529643,0.006781926581193929
508.9180631529643,0.006603834587586101
508.93806315296433,0.006429015468201698
508.9580731529643,0.006257494485101267
508.9780731529643,0.006089542965590174
508.9980731529643,0.005925163530704137
509.0180731529643,0.005764434995611468
509.03807315296433,0.005607426261905381
509.0580731529643,0.0054541962797272645
509.0780731529643,0.005304794443928616
509.09807315296433,0.005159260888195719
509.1180731529643,0.005017626798869866
509.1380731529643,0.00487991467069426
509.15807315296433,0.004746138746474678
509.1780731529643,0.004616305210725507
509.1980731529643,0.004490412754716225
509.21807315296434,0.004368452849389826
509.2380731529643,0.004250410094734037
509.2580731529643,0.004136262715048125
509.27807315296434,0.004025982891409776
509.2980731529643,0.0039195369386014565
509.3180731529643,0.003816886166052547
509.33807315296434,0.003717986787341273
509.3580731529643,0.003622790687692453
509.3780731529643,0.0035312455275152447
509.3980731529643,0.0034432952006474326
509.4180731529643,0.003358880237314477
509.4380731529643,0.0032779381653028593
509.4580731529643,0.003200403814630892
509.4780831529643,0.0031261734222237693
509.49808315296434,0.003055251453816461
509.5180831529643,0.0029875288274940123
509.5380831529643,0.002922932860426591
509.5580831529643,0.002861389663681639
509.5780831529643,0.0028028246335586675
509.5980831529643,0.0027471624571010957
509.6180831529643,0.0026943274787984703
509.6380831529643,0.0026442439297071907
509.6580831529643,0.002596836101621236
509.6780831529643,0.002552028595788444
509.69808315296433,0.002509746471768833
509.7180831529643,0.002469915353012784
509.7380831529643,0.002432461725054534
509.75808315296433,0.0023973130037862203
509.7780831529643,0.0023643976262346664
509.7980831529643,0.0023336452681244186
509.81808315296433,0.0023049868900153737
509.8380831529643,0.0022783546932293444
509.8580831529643,0.0022536825015400624
509.87808315296434,0.002230905540523253
509.8980831529643,0.002209960713533621
509.9180831529643,0.0021907864902193964
509.93808315296434,0.0021733230044240735
509.9580831529643,0.002157512095791445
509.9780831529643,0.0021432973318263803
509.99808315296434,0.0021306240022304834
510.0180931529643,0.0021194339114590922
510.03809315296434,0.0021096869220638193
510.0580931529643,0.002101327595239192
510.0780931529643,0.0020943081214649913
510.09809315296434,0.0020885823523408365
510.1180931529643,0.0020841058661483698
510.1380931529643,0.002080835843400073
510.15809315296434,0.002078731069264422
510.1780931529643,0.0020777519279273305
510.1980931529643,0.002077860320043583
510.21809315296434,0.0020790196550498677
510.2380931529643,0.002081194790099751
510.2580931529643,0.002084351974796097
510.2780931529643,0.002088458830851592
510.2980931529643,0.0020934843116931
510.3180931529643,0.0020993986079862735
510.3380931529643,0.0021061731583224053
510.35809315296433,0.0021137805718135345
510.3780931529643,0.0021221945284064644
510.3980931529643,0.0021313898384229283
510.41809315296433,0.002141342302853274
510.4380931529643,0.0021520287295413855
510.4580931529643,0.0021634268244832685
510.47809315296433,0.0021755151874805955
510.4980931529643,0.0021882732624246928
510.5180931529643,0.0022016812847448944
510.53809315296434,0.0022157202457411896
510.5581031529643,0.0022303792888037684
510.57810315296433,0.002245626141673807
510.5981031529643,0.0022614509710073474
510.6181031529643,0.0022778373532010674
510.63810315296433,0.0022947694423966418
510.6581031529643,0.0023122319002339786
510.6781031529643,0.0023302098795045995
510.69810315296434,0.0023486889945914043
510.7181031529643,0.0023676552874904028
510.7381031529643,0.002387095198355783
510.75810315296434,0.0024069955441720393
510.7781031529643,0.0024273434765455714
510.7981031529643,0.0024481264820139115
510.81810315296434,0.0024693323456195086
510.8381031529643,0.0024909491292935608
510.8581031529643,0.0025129651592605885
510.87810315296434,0.002535369006188873
510.8981031529643,0.0025581494415014994
510.9181031529643,0.0025812954723015624
510.9381031529643,0.0026047962765643265
510.9581031529643,0.0026286412285847424
510.9781031529643,0.0026528198558898953
510.9981031529643,0.0026773218406217873
511.01810315296433,0.002702137006863771
511.0381031529643,0.002727255313454993
511.0581031529643,0.0027526668405075307
511.0781131529643,0.0027783747020121963
511.0981131529643,0.002804343481102505
511.1181131529643,0.0028305763643012463
511.1381131529643,0.0028570638362834786
511.1581131529643,0.002883796467224184
511.17811315296433,0.0029107649118156284
511.1981131529643,0.002937959894166293
511.2181131529643,0.002965372205920564
511.23811315296433,0.0029929927103366626
511.2581131529643,0.0030208123257818775
511.2781131529643,0.003048822030443674
511.29811315296433,0.003077012857160225
511.3181131529643,0.003105375885709291
511.3381131529643,0.003133902247752219
511.35811315296434,0.0031625831217327732
511.3781131529643,0.003191409729359028
511.3981131529643,0.003220373337304481
511.41811315296434,0.003249465255747595
511.4381131529643,0.0032786768268784736
511.4581131529643,0.0033079994458293954
511.47811315296434,0.0033374245388824155
511.4981131529643,0.003366943580838356
511.5181131529643,0.003396548083892631
511.53811315296434,0.0034262296044218817
511.5581131529643,0.003455979744713051
511.5781131529643,0.0034857901543025207
511.5981131529643,0.0035156525331391728
511.6181231529643,0.00354557359958716
511.63812315296434,0.0035755152519144967
511.6581231529643,0.0036054843089153438
511.6781231529643,0.003635472713706716
511.69812315296434,0.003665472483286952
511.7181231529643,0.0036954757149439284
511.7381231529643,0.0037254745939623106
511.7581231529643,0.0037554614043506943
511.7781231529643,0.0037854285318634686
511.7981231529643,0.003815368481644158
511.8181231529643,0.0038452738807014638
511.83812315296433,0.003875137495789202
511.8581231529643,0.0039049522376347024
511.8781231529643,0.003934711182729594
511.89812315296433,0.003964407575562402
511.9181231529643,0.003994034853458365
511.9381231529643,0.004023586651888275
511.95812315296433,0.0040530568241003125
511.9781231529643,0.004082439453080081
511.9981231529643,0.004111728870791436
512.0181231529643,0.004140919667593849
512.0381231529643,0.004170006713013807
512.0581231529643,0.004198985171315993
512.0781231529643,0.004227850514765302
512.0981231529643,0.0042565985392135144
512.1181231529644,0.004285225379965341
512.1381331529643,0.004313741745581592
512.1581331529643,0.004342115997706726
512.1781331529643,0.0043703596521575145
512.1981331529643,0.004398470343956262
512.2181331529644,0.004426446114210755
512.2381331529643,0.004454285416241707
512.2581331529643,0.004481987129942728
512.2781331529643,0.004509550569011117
512.2981331529643,0.0045369754789066335
512.3181331529643,0.0045642620511968665
512.3381331529644,0.004591410923480025
512.3581331529643,0.004618423173361427
512.3781331529643,0.004645300324938825
512.3981331529643,0.0046720443383246124
512.4181331529643,0.004698657606467497
512.4381331529643,0.00472514294458169
512.4581331529644,0.004751503580149045
512.4781331529643,0.004777743135487216
512.4981331529643,0.0048038656222084974
512.5181331529643,0.004829875405598779
512.5381331529643,0.004855777197116114
512.5581331529643,0.004881576019574749
512.5781331529644,0.004907277188875512
512.5981331529644,0.004932886280018642
512.6181331529643,0.004958409095010299
512.6381331529643,0.004983851630833193
512.6581331529643,0.005009220041435553
512.6781431529644,0.005034533232752965
512.6981431529643,0.005059772261739843
512.7181431529643,0.005084956180098902
512.7381431529643,0.005110091368441778
512.7581431529643,0.005135184154281281
512.7781431529643,0.0051602407660008036
512.7981431529643,0.005185267285712377
512.8181431529644,0.005210269602325443
512.8381431529643,0.005235253361172926
512.8581431529643,0.005260223919389996
512.8781431529643,0.005285186296140716
512.8981431529643,0.005310145125673761
512.9181431529643,0.005335104610381574
512.9381431529644,0.005360068476179696
512.9581431529643,0.005385039931401612
512.9781431529643,0.005410021621599675
512.9981431529643,0.005435015591058387
513.0181431529643,0.005460023247636301
513.0381431529643,0.005485045327791777
513.0581431529644,0.0055100818660637286
513.0781431529643,0.00553513216691038
513.0981431529643,0.005560194780275866
513.1181431529643,0.005585267485294556
513.1381431529643,0.005610347271171711
513.1581431529643,0.005635430327938968
513.1781431529644,0.005660512039704143
513.1981431529643,0.005685586982364009
513.2181531529643,0.005710661454317244
513.2381531529643,0.005735703365656395
513.2581531529643,0.005760717442756216
513.2781531529644,0.005785695115000814
513.2981531529643,0.005810627069056564
513.3181531529643,0.005835503280950685
513.3381531529643,0.005860313046201392
513.3581531529643,0.005885045031610676
513.3781531529643,0.005909687297037758
513.3981531529644,0.00593422736324208
513.4181531529644,0.005958652255861396
513.4381531529643,0.005982948571558396
513.4581531529643,0.00600710252138844
513.4781531529643,0.006031100021555273
513.4981531529643,0.006054926738429287
513.5181531529643,0.006078568178745438
513.5381531529644,0.006102009754395255
513.5581531529643,0.006125236863202804
513.5781531529643,0.006148234964710711
513.5981531529643,0.006170989671163429
513.6181531529643,0.006193486809763015
513.6381531529643,0.006215712521497479
513.6581531529644,0.006237653342834507
513.6781531529643,0.006259296282636848
513.6981531529643,0.0062806288986686646
513.7181531529643,0.006301639385043115
513.7381631529643,0.006322326902008737
513.7581631529644,0.0063426604794047095
513.7781631529643,0.006362641083634134
513.7981631529643,0.0063822602038124876
513.8181631529643,0.006401510333648621
513.8381631529643,0.006420385009743479
513.8581631529643,0.006438878895164771
513.8781631529644,0.006456987820870003
513.8981631529643,0.006474708829746374
513.9181631529643,0.0064920402187421235
513.9381631529643,0.006508981584609439
513.9581631529643,0.006525533838252354
513.9781631529643,0.006541699244132911
513.9981631529644,0.0065574814229152865
514.0181631529643,0.006572885363342555
514.0381631529643,0.006587917432475331
514.0581631529643,0.006602585362180701
514.0781631529643,0.006616898238044614
514.0981631529643,0.006630866506934987
514.1181631529644,0.006644501906165782
514.1381631529644,0.006657817473900931
514.1581631529643,0.006670827481015363
514.1781631529643,0.006683547408935843
514.1981631529643,0.006695993885884041
514.2181631529643,0.006708184634832463
514.2381631529643,0.006720138408601673
514.2581631529644,0.006731874923693897
514.2781731529643,0.006743420509236273
514.2981731529643,0.006754785068073969
514.3181731529643,0.006765996566018701
514.3381731529643,0.006777077811848077
514.3581731529644,0.006788052170461378
514.3781731529643,0.006798943479911902
514.3981731529643,0.00680977596073713
514.4181731529643,0.006820574108898718
514.4381731529643,0.006831362621172232
514.4581731529643,0.006842166287378125
514.4781731529644,0.006853009895461684
514.4981731529643,0.006863918136923781
514.5181731529643,0.006874915529111481
514.5381731529643,0.0068860262966359085
514.5581731529643,0.006897274311886957
514.5781731529643,0.006908682984362695
514.5981731529644,0.006920275191872233
514.6181731529643,0.0069320731976753635
514.6381731529643,0.006944098583053038
514.6581731529643,0.006956372156384533
514.6781731529643,0.0069689139212005865
514.6981731529643,0.006981742991232964
514.7181731529644,0.006994877540468292
514.7381731529644,0.0070083347629829405
514.7581731529643,0.007022130833904253
514.7781731529643,0.007036280868337494
514.7981731529643,0.007050798900117653
514.8181831529644,0.007065705365443883
514.8381831529643,0.007080997201403758
514.8581831529643,0.007096692427812449
514.8781831529643,0.0071128005760319815
514.8981831529643,0.007129330077000129
514.9181831529643,0.007146288241420124
514.9381831529644,0.00716368129381846
514.9581831529644,0.007181514399051363
514.9781831529643,0.007199791701915526
514.9981831529643,0.007218516346692816
515.0181831529643,0.007237690546581282
515.0381831529643,0.007257315606397164
515.0581831529643,0.007277392008648279
515.0781831529644,0.007297919453562063
515.0981831529643,0.007318896929891843
515.1181831529643,0.007340322785758849
515.1381831529643,0.0073621948027711055
515.1581831529643,0.007384510244242115
515.1781831529643,0.0074072659831586896
515.1981831529644,0.007430458531133093
515.2181831529643,0.0074540841640618905
515.2381831529643,0.007478138969532329
515.2581831529643,0.007502618942349049
515.2781831529643,0.007527520070279056
515.2981831529643,0.0075528384166792485
515.3181831529644,0.007578570198639863
515.3381931529643,0.007604725041936097
515.3581931529643,0.007631273549872274
515.3781931529643,0.007658225854870331
515.3981931529643,0.007685579566925073
515.4181931529644,0.007713332820166662
515.4381931529643,0.007741484355950234
515.4581931529643,0.007770033565354305
515.4781931529643,0.0077989805579358265
515.4981931529643,0.00782832620187897
515.5181931529643,0.007858072193916155
515.5381931529644,0.007888221077417082
515.5581931529643,0.007918776297299084
515.5781931529643,0.007949742208262153
515.5981931529643,0.007981124136561277
515.6181931529643,0.008012928359233376
515.6381931529643,0.00804516215071666
515.6581931529643,0.008077833766534454
515.6781931529644,0.008110952458798702
515.6981931529643,0.008144528447204598
515.7181931529643,0.008178572947043083
515.7381931529643,0.008213098104817622
515.7581931529643,0.008248117023292152
515.7781931529643,0.008283643692581923
515.7981931529644,0.008319692965223465
515.8181931529643,0.008356280517933433
515.8381931529643,0.008393422813842292
515.8581931529643,0.008431137038965057
515.8782031529643,0.008469460351783174
515.8982031529644,0.008508372887792949
515.9182031529643,0.008547912674755615
515.9382031529643,0.008588099184097961
515.9582031529643,0.00862895227045543
515.9782031529643,0.008670492131863224
515.9982031529643,0.0087127391973781
516.0182031529644,0.00875571402658921
516.0382031529643,0.00879943728530781
516.0582031529643,0.008843929608512522
516.0782031529643,0.008889211514203469
516.0982031529643,0.008935303323784572
516.1182031529643,0.008982225077660876
516.1382031529644,0.009029996410582553
516.1582031529643,0.009078636513557288
516.1782031529643,0.009128163976804307
516.1982031529643,0.009178596745699505
516.2182031529643,0.009229952016253488
516.2382031529643,0.009282246113612995
516.2582031529644,0.009335494451676616
516.2782031529644,0.009389711420547434
516.2982031529643,0.00944491031797619
516.3182031529643,0.009501103229588475
516.3382031529643,0.00955830097657769
516.3582031529643,0.009616513052927522
516.3782031529643,0.00967574752907544
516.3982031529644,0.009736010997730958
516.4182131529643,0.00979733932443541
516.4382131529643,0.009859674680020547
516.4582131529643,0.009923049179492768
516.4782131529644,0.009987462803753004
516.4982131529644,0.010052913796225313
516.5182131529643,0.010119398551000011
516.5382131529643,0.010186911600507617
516.5582131529643,0.010255445588086198
516.5782131529643,0.01032499124022534
516.5982131529643,0.010395537307470256
516.6182131529644,0.010467070593851876
516.6382131529643,0.010539575891634748
516.6582131529643,0.010613036017935366
516.6782131529643,0.010687431795072144
516.6982131529643,0.010762742040408946
516.7182131529643,0.010838943596901528
516.7382131529644,0.010916011342210812
516.7582131529643,0.010993918146154278
516.7782131529643,0.01107263501080356
516.7982131529643,0.01115213098635524
516.8182131529643,0.011232373290296792
516.8382131529643,0.011313327281354021
516.8582131529644,0.01139495653729455
516.8782131529643,0.011477222891140566
516.8982131529643,0.01156008649343955
516.9182131529643,0.011643505860559521
516.9382231529643,0.0117274800327738
516.9582231529644,0.011811880473347572
516.9782231529643,0.011896703040358817
516.9982231529643,0.01198190036522353
517.0182231529643,0.012067423790282257
517.0382231529643,0.012153223451314463
517.0582231529643,0.012239248346312735
517.0782231529644,0.012325446418434425
517.0982231529644,0.012411764676192724
517.1182231529643,0.012498149224741765
517.1382231529643,0.012584545395339177
517.1582231529643,0.0126708978207489
517.1782231529643,0.012757150542120338
517.1982231529643,0.012843247056201027
517.2182231529644,0.012929130482852278
517.2382231529643,0.013014743570507276
517.2582231529643,0.013100028865314268
517.2782231529643,0.013184928762517402
517.2982231529643,0.013269385589893597
517.3182231529643,0.013353341723728377
517.3382231529644,0.013436739674072109
517.3582231529643,0.013519522139714763
517.3782231529643,0.013601632119668645
517.3982231529643,0.013683013004041168
517.4182231529643,0.013763608638703453
517.4382231529643,0.013843363385975064
517.4582231529644,0.013922222221476526
517.4782331529643,0.014000169511434162
517.4982331529643,0.014077073769865469
517.5182331529643,0.014152921371637473
517.5382331529643,0.014227660401248348
517.5582331529644,0.014301239907529684
517.5782331529643,0.014373609868863711
517.5982331529643,0.014444721313943207
517.6182331529643,0.014514526390367655
517.6382331529643,0.014582978305520434
517.6582331529643,0.014650031436013781
517.6782331529644,0.01471564138152596
517.6982331529643,0.014779764947773336
517.7182331529643,0.014842360176148645
517.7382331529643,0.014903386420308905
517.7582331529643,0.014962804259896658
517.7782331529643,0.015020575644096807
517.7982331529643,0.015076663810354673
517.8182331529644,0.015131033316847065
517.8382331529643,0.015183650110951978
517.8582331529643,0.015234481442444374
517.8782331529643,0.0152834959045941
517.8982331529643,0.015330663415936262
517.9182331529643,0.015375955273743597
517.9382331529644,0.015419344106003145
517.9582331529643,0.01546080383663703
517.9782331529643,0.015500309719342343
517.9982331529643,0.015537838296921425
518.0182431529643,0.01557338482790295
518.0382431529644,0.015606892818798726
518.0582431529643,0.01563836098458759
518.0782431529643,0.015667771070453758
518.0982431529643,0.015695106000644752
518.1182431529643,0.01572034998557255
518.1382431529643,0.01574348845795603
518.1582431529644,0.01576450808248652
518.1782431529643,0.015783396670382206
518.1982431529643,0.015800143309481138
518.2182431529643,0.015814738210513178
518.2382431529643,0.01582717283722395
518.2582431529643,0.01583743974629673
518.2782431529644,0.015845532711038692
518.2982431529643,0.015851446626857973
518.3182431529643,0.015855177561014205
518.3382431529643,0.015856722701781373
518.3582431529643,0.01585608048051401
518.3782431529643,0.015853250348948623
518.3982431529644,0.01584823302043484
518.4182431529644,0.015841030241573514
518.4382431529643,0.01583164497258283
518.4582431529643,0.015820081323364796
518.4782431529643,0.015806344558035455
518.4982431529643,0.015790441063426204
518.5182431529643,0.01577237839485361
518.5382531529643,0.015752154608826563
518.5582531529643,0.015729799914777153
518.5782531529643,0.015705315711761064
518.5982531529643,0.01567871422989639
518.6182531529644,0.015650008907314654
518.6382531529644,0.01561921428889198
518.6582531529643,0.015586346141711576
518.6782531529643,0.015551421408367605
518.6982531529643,0.015514458204053035
518.7182531529643,0.015475475787611919
518.7382531529643,0.015434494643407936
518.7582531529644,0.015391536378936175
518.7782531529643,0.015346623818899315
518.7982531529643,0.015299780889192694
518.8182531529643,0.01525103268517431
518.8382531529643,0.015200405425633631
518.8582531529643,0.015147926444684524
518.8782531529644,0.015093624162638576
518.8982531529643,0.01503752817108616
518.9182531529643,0.014979669012852845
518.9382531529643,0.014920078374998027
518.9582531529643,0.014858788870581795
518.9782531529643,0.014795834163832263
518.9982531529644,0.01473124888508716
519.0182531529643,0.014665068594474898
519.0382531529643,0.01459732973891785
519.0582531529643,0.014528069640205882
519.0782631529643,0.01445729069855611
519.0982631529644,0.014385102712189212
519.1182631529643,0.014311510321234223
519.1382631529643,0.01423655395995765
519.1582631529643,0.014160274750344658
519.1782631529643,0.01408271440186518
519.1982631529643,0.014003915240216115
519.2182631529644,0.013923920141114545
519.2382631529644,0.013842772443387876
519.2582631529643,0.013760515956435694
519.2782631529643,0.013677194888380562
519.2982631529643,0.013592853797640024
519.3182631529643,0.013507537569006288
519.3382631529643,0.013421291338388819
519.3582631529644,0.013334160443731383
519.3782631529643,0.013246190413585565
519.3982631529643,0.013157426873248982
519.4182631529643,0.013067915524520936
519.4382631529643,0.012977702147047552
519.4582631529643,0.01288683244561217
519.4782631529644,0.012795352116020382
519.4982631529643,0.012703306717011916
519.5182631529643,0.012610741703399738
519.5382631529643,0.012517702336562929
519.5582631529643,0.012424233664834904
519.5782631529643,0.01233038048312435
519.5982631529644,0.012236187299087889
519.6182731529643,0.012141650985978804
519.6382731529643,0.012046909893166745
519.6582731529643,0.01195196028976091
519.6782731529643,0.011856845209220613
519.6982731529644,0.011761607239214024
519.7182731529643,0.011666288505370062
519.7382731529643,0.011570930642524834
519.7582731529643,0.011475574751255775
519.7782731529643,0.011380261424344524
519.7982731529643,0.011285030666376764
519.8182731529644,0.01118992192242309
519.8382731529643,0.0110949740284558
519.8582731529643,0.011000225230635754
519.8782731529643,0.010905713118569575
519.8982731529643,0.010811474670678245
519.9182731529643,0.010717546185073276
519.9382731529643,0.010623963303463676
519.9582731529644,0.010530760989107513
519.9782731529643,0.010437973518538136
519.9982731529643,0.010345634456841163
520.0182731529643,0.010253776681287676
520.0382731529643,0.010162432345807387
520.0582731529643,0.010071632876233697
520.0782731529644,0.00998140896480003
520.0982731529643,0.009891790581501926
520.1182731529643,0.009802806948237876
520.1382831529643,0.00971444255326987
520.1582831529643,0.009626813411326334
520.1782831529644,0.009539902182606875
520.1982831529643,0.009453735062585318
520.2182831529643,0.009368337462260113
520.2382831529643,0.009283734048483951
520.2582831529643,0.009199948695741726
520.2782831529643,0.009117004501747456
520.2982831529644,0.009034923771847446
520.3182831529643,0.008953728054525035
520.3382831529643,0.008873438073138751
520.3582831529643,0.008794073784905558
520.3782831529643,0.008715654319654821
520.3982831529643,0.008638198049239536
520.4182831529644,0.00856172251357152
520.4382831529643,0.008486244478472401
520.4582831529643,0.008411779889160927
520.4782831529643,0.008338343901688867
520.4982831529643,0.008265950834149499
520.5182831529643,0.008194614248304822
520.5382831529644,0.008124346849694153
520.5582831529643,0.008055160594602404
520.5782831529643,0.007987066607682383
520.5982831529643,0.007920075208105731
520.6182831529643,0.00785419591823501
520.6382831529643,0.007789437482294787
520.6582831529643,0.007725807847614569
520.6782931529643,0.007663283222924874
520.6982931529643,0.0076019324179353726
520.7182931529643,0.007541729551711219
520.7382931529643,0.007482679451693944
520.7582931529644,0.007424786163132622
520.7782931529644,0.007368053018380875
520.7982931529643,0.0073124825852596935
520.8182931529643,0.007258076669438359
520.8382931529643,0.00720483639962358
520.8582931529643,0.0071527621725054995
520.8782931529643,0.007101853668928397
520.8982931529644,0.007052109890962016
520.9182931529643,0.007003529164949971
520.9382931529643,0.006956109139193368
520.9582931529643,0.006909846851886876
520.9782931529643,0.006864738671245869
520.9982931529643,0.0068207803749079825
521.0182931529644,0.00677796714667353
521.0382931529643,0.0067362935465752165
521.0582931529643,0.006695753614651824
521.0782931529643,0.006656340825732974
521.0982931529643,0.0066180481556327485
521.1182931529643,0.0065808680360106946
521.1382931529644,0.006544792422937198
521.1582931529643,0.006509812817293039
521.1782931529643,0.006475920268556322
521.1982931529643,0.006443105408697027
521.2183031529643,0.006411342782471087
521.2383031529644,0.006380654007488561
521.2583031529643,0.006351012399645205
521.2783031529643,0.006322407053603834
521.2983031529643,0.006294826774859181
521.3183031529643,0.0062682600401899585
521.3383031529643,0.0062426950436209085
521.3583031529644,0.006218119717109029
521.3783031529643,0.00619452175742723
521.3983031529643,0.006171888616621476
521.4183031529643,0.006150207556382992
521.4383031529643,0.006129465621690168
521.4583031529643,0.006109649712551714
521.4783031529644,0.006090746562400545
521.4983031529644,0.006072742771089354
521.5183031529643,0.006055624820625645
521.5383031529643,0.006039379094392167
521.5583031529643,0.006023991844251864
521.5783031529643,0.006009449301092004
521.5983031529643,0.005995737585803136
521.6183031529644,0.005982842815202035
521.6383031529643,0.005970751042177979
521.6583031529643,0.00595944829436581
521.6783031529643,0.005948920588996527
521.6983031529643,0.005939153947245345
521.7183031529643,0.005930134394839377
521.7383131529643,0.005921844016613632
521.7583131529643,0.005914277120401251
521.7783131529643,0.005907415505772975
521.7983131529643,0.00590124530526638
521.8183131529643,0.005895752686522269
521.8383131529644,0.0058909238918284056
521.8583131529643,0.005886745204469639
521.8783131529643,0.005883202970631491
521.8983131529643,0.0058802836049424625
521.9183131529643,0.00587797359541643
521.9383131529643,0.005876259493768426
521.9583131529644,0.005875127935611836
521.9783131529643,0.005874565617610069
521.9983131529643,0.005874559329434095
522.0183131529643,0.005875095936481969
522.0383131529643,0.0058761623829904795
522.0583131529643,0.005877745700791541
522.0783131529644,0.005879833005646002
522.0983131529644,0.005882411468164857
522.1183131529643,0.005885468374937553
522.1383131529643,0.005888991064240231
522.1583131529643,0.005892966979376144
522.1783131529643,0.005897383625462362
522.1983131529643,0.005902228585172557
522.2183131529644,0.005907489518115865
522.2383131529643,0.005913154160799016
522.2583131529643,0.005919210320496044
522.2783231529643,0.005925649188276904
522.2983231529643,0.005932452249212591
522.3183231529644,0.005939610651260754
522.3383231529643,0.00594711246673735
522.3583231529643,0.005954945823516001
522.3783231529643,0.005963098920106605
522.3983231529643,0.005971560003530703
522.4183231529643,0.005980317374150466
522.4383231529644,0.005989359388894944
522.4583231529643,0.005998674451684709
522.4783231529643,0.006008251011562494
522.4983231529643,0.006018077564686268
522.5183231529643,0.006028142643182639
522.5383231529643,0.006038434821946423
522.5583231529644,0.006048942715042524
522.5783231529643,0.006059654965395227
522.5983231529643,0.00607056025494529
522.6183231529643,0.006081647295092605
522.6383231529643,0.006092904812414696
522.6583231529643,0.006104321574787844
522.6783231529644,0.006115886362832691
522.6983231529643,0.006127587987115909
522.7183231529643,0.0061394152704193974
522.7383231529643,0.00615135705591318
522.7583231529643,0.0061634022024701085
522.7783231529643,0.00617553958302847
522.7983231529643,0.006187758083359355
522.8183331529643,0.00620005276111874
522.8383331529643,0.006212400228328876
522.8583331529643,0.006224795529954555
522.8783331529643,0.006237227588922179
522.8983331529644,0.006249685337881917
522.9183331529644,0.006262157714578572
522.9383331529643,0.006274633661797575
522.9583331529643,0.00628710213429677
522.9783331529643,0.006299552085932679
522.9983331529643,0.006311972481901889
523.0183331529643,0.0063243522921957954
523.0383331529644,0.006336680498174935
523.0583331529643,0.006348946083937906
523.0783331529643,0.0063611380519943755
523.0983331529643,0.006373245408427127
523.1183331529643,0.006385257180590786
523.1383331529643,0.006397162409430194
523.1583331529644,0.006408950154742775
523.1783331529643,0.006420609497392689
523.1983331529643,0.0064321295480705126
523.2183331529643,0.006443499439818508
523.2383331529643,0.006454708341181794
523.2583331529643,0.006465745459889007
523.2783331529644,0.006476600045657221
523.2983331529643,0.006487261391440529
523.3183331529643,0.0064977188434760715
523.3383431529643,0.006507966871728135
523.3583431529643,0.0065179847095869535
523.3783431529644,0.006527767063632314
523.3983431529643,0.006537303551511001
523.4183431529643,0.006546583880165781
523.4383431529643,0.006555597840327226
523.4583431529643,0.006564335324750985
523.4783431529643,0.0065727863441915274
523.4983431529644,0.006580941011080112
523.5183431529643,0.006588789566744256
523.5383431529643,0.006596322390640745
523.5583431529643,0.00660353000347536
523.5783431529643,0.006610403073416686
523.5983431529643,0.00661693243960437
523.6183431529644,0.006623109096801799
523.6383431529644,0.006628924234962164
523.6583431529643,0.006634369226485524
523.6783431529643,0.006639435642998488
523.6983431529643,0.0066441152761039035
523.7183431529643,0.006648400130003475
523.7383431529643,0.006652282439545115
523.7583431529644,0.00665575467391038
523.7783431529643,0.006658809563615836
523.7983431529643,0.006661440095458597
523.8183431529643,0.006663639518956571
523.8383431529643,0.0066654013638123635
523.8583431529643,0.00666671944235363
523.8783531529643,0.006667588218968046
523.8983531529643,0.006668001217377943
523.9183531529643,0.006667953719911478
523.9383531529643,0.0066674407907374375
523.9583531529643,0.006666457804920677
523.9783531529644,0.006665000484755802
523.9983531529643,0.006663064893740928
524.0183531529643,0.006660647446411727
524.0383531529643,0.0066577449024550804
524.0583531529643,0.006654354394948601
524.0783531529643,0.006650473411793583
524.0983531529644,0.006646099826915018
524.1183531529643,0.006641231869892861
524.1383531529643,0.0066358681593842485
524.1583531529643,0.006630007686641713
524.1783531529643,0.0066236498266794295
524.1983531529643,0.006616794333729525
524.2183531529644,0.006609441365918868
524.2383531529644,0.006601591438972134
524.2583531529643,0.006593245478394071
524.2783531529643,0.006584404767504675
524.2983531529643,0.006575070985915786
524.3183531529643,0.0065652461944003685
524.3383531529643,0.006554932828649233
524.3583531529644,0.006544133691749237
524.3783531529643,0.006532851957865358
524.3983631529643,0.006521085161983587
524.4183631529643,0.006508848989468584
524.4383631529643,0.006496141911478026
524.4583631529644,0.006482968527456818
524.4783631529643,0.006469333786635856
524.4983631529643,0.006455242951656613
524.5183631529643,0.006440701621522172
524.5383631529643,0.006425715710900406
524.5583631529643,0.006410291437870379
524.5783631529644,0.006394435315544926
524.5983631529643,0.006378154152673008
524.6183631529643,0.006361455027936085
524.6383631529643,0.006344345299261749
524.6583631529643,0.006326832569961979
524.6783631529643,0.006308924693116355
524.6983631529644,0.006290629756011371
524.7183631529643,0.006271956064922212
524.7383631529643,0.006252912134595281
524.7583631529643,0.006233506696813065
524.7783631529643,0.006213748645730648
524.7983631529643,0.006193647069370829
524.8183631529644,0.006173211199695041
524.8383631529643,0.00615245042930016
524.8583631529643,0.00613137428766019
524.8783631529643,0.006109992427400181
524.8983631529643,0.006088314610840064
524.9183631529643,0.006066350701036422
524.9383731529643,0.006044099458134689
524.9583731529643,0.006021593166062437
524.9783731529643,0.005998830851779445
524.9983731529643,0.005975822656662401
525.0183731529643,0.005952578766245519
525.0383731529644,0.005929109384633758
525.0583731529644,0.00590542473910948
525.0783731529643,0.005881535062707853
525.0983731529643,0.005857450579460667
525.1183731529643,0.005833181500296443
525.1383731529643,0.0058087380111305565
525.1583731529643,0.005784130259694991
525.1783731529644,0.005759368353031255
525.1983731529643,0.005734462340221464
525.2183731529643,0.005709422206881541
525.2383731529643,0.005684257868396076
525.2583731529643,0.005658979156543288
525.2783731529643,0.00563359581430372
525.2983731529644,0.005608117497664645
525.3183731529643,0.005582553748255155
525.3383731529643,0.005556914005734358
525.3583731529643,0.005531207587615948
525.3783731529643,0.005505443693085867
525.3983731529643,0.005479631391339518
525.4183731529644,0.005453779618585806
525.4383731529643,0.00542789717219963
525.4583731529643,0.00540199270623997
525.4783831529643,0.005376061763284374
525.4983831529643,0.005350138621886244
525.5183831529644,0.005324218523357812
525.5383831529643,0.005298309506511942
525.5583831529643,0.005272419448683294
525.5783831529643,0.005246556062024863
525.5983831529643,0.0052207268920266515
525.6183831529643,0.00519493931092305
525.6383831529644,0.005169200524406432
525.6583831529643,0.0051435175605233285
525.6783831529643,0.005117897274586996
525.6983831529643,0.0050923463426238635
525.7183831529643,0.0050668712680266076
525.7383831529643,0.0050414783708618086
525.7583831529644,0.005016173797267313
525.7783831529644,0.004990963510851986
525.7983831529643,0.004965853296924093
525.8183831529643,0.004940848760135037
525.8383831529643,0.004915955328032607
525.8583831529643,0.004891178244667965
525.8783831529643,0.004866522580855721
525.8983831529644,0.0048419932266085255
525.9183831529643,0.004817594893016463
525.9383831529643,0.0047933321148005675
525.9583831529643,0.004769209253120934
525.9783831529643,0.004745230493685503
525.9983931529644,0.004721387971707685
526.0183931529643,0.004697709351095809
526.0383931529643,0.004674186354152662
526.0583931529643,0.004650822479679492
526.0783931529643,0.004627621055009995
526.0983931529643,0.004604585247756596
526.1183931529644,0.0045817180570609925
526.1383931529643,0.004559022320161344
526.1583931529643,0.00453650071224267
526.1783931529643,0.004514155754308625
526.1983931529643,0.0044919898053418575
526.2183931529643,0.004470005073977854
526.2383931529644,0.00444820361055023
526.2583931529643,0.004426587322348728
526.2783931529643,0.004405157963980642
526.2983931529643,0.004383917148382845
526.3183931529643,0.004362866344396242
526.3383931529643,0.004342006882515293
526.3583931529644,0.0043213399489165265
526.3783931529643,0.004300866604757146
526.3983931529643,0.004280587769764179
526.4183931529643,0.00426050424449663
526.4383931529643,0.004240616698003178
526.4583931529643,0.004220925675363349
526.4783931529644,0.004201431602380523
526.4983931529644,0.004182134790477393
526.5183931529643,0.004163035436663748
526.5384031529643,0.004144124227430561
526.5584031529643,0.004125420033850273
526.5784031529643,0.004106913239236005
526.5984031529644,0.0040886036185626045
526.6184031529643,0.004070490845964019
526.6384031529643,0.004052574509976231
526.6584031529643,0.004034854105634901
526.6784031529643,0.0040173290380523695
526.6984031529643,0.003999998636951846
526.7184031529644,0.003982862150646729
526.7384031529643,0.00396591874991583
526.7584031529643,0.003949167535701579
526.7784031529643,0.003932607540795512
526.7984031529643,0.003916237731344334
526.8184031529643,0.0039000570188325034
526.8384031529644,0.0038840642513577974
526.8584031529643,0.0038682582283751333
526.8784031529643,0.003852637700151861
526.8984031529643,0.00383720136356495
526.9184031529643,0.0038219478805592796
526.9384031529643,0.0038068758708928877
526.9584031529644,0.0037919839231818986
526.9784031529643,0.003777270588170261
526.9984031529643,0.0037627343899557476
527.0184031529643,0.0037483738294056684
527.0384031529643,0.0037341873847886757
527.0584031529643,0.0037201735172484444
527.0784131529643,0.003706323782086096
527.0984131529643,0.003692650460386826
527.1184131529643,0.0036791450091642245
527.1384131529643,0.003665805839691649
527.1584131529643,0.0036526313658384883
527.1784131529644,0.0036396199963066784
527.1984131529643,0.00362677014174626
527.2184131529643,0.003614080216902623
527.2384131529643,0.003601548645248089
527.2584131529643,0.0035891738554352467
527.2784131529643,0.0035769542903192728
527.2984131529643,0.0035648884008087564
527.3184131529644,0.0035529746580408987
527.3384131529643,0.0035412115471579963
527.3584131529643,0.003529597573355472
527.3784131529643,0.0035181312622296545
527.3984131529643,0.003506811162595749
527.4184131529643,0.0034956358399942985
527.4384131529644,0.0034846038936789175
527.4584131529643,0.003473713941045595
527.4784131529643,0.003462964634179251
527.4984131529643,0.0034523546490071505
527.5184131529643,0.0034418826903904612
527.5384131529643,0.0034315474937321117
527.5584131529644,0.003421347826876929
527.5784131529643,0.0034112824887312415
527.5984231529643,0.003401345378361842
527.6184231529643,0.0033915452847862186
527.6384231529643,0.0033818761106288297
527.6584231529644,0.003372336786292972
527.6784231529643,0.003362926273232375
527.6984231529643,0.0033536435721162475
527.7184231529643,0.0033444877147652337
527.7384231529643,0.0033354577679085688
527.7584231529643,0.003326552832491729
527.7784231529644,0.003317772046086987
527.7984231529643,0.0033091145778161874
527.8184231529643,0.0033005796336757066
527.8384231529643,0.0032921664497227716
527.8584231529643,0.0032838743004782213
527.8784231529643,0.003275702491411524
527.8984231529644,0.003267650362907974
527.9184231529644,0.0032597172881473607
527.9384231529643,0.0032519026741665243
527.9584231529643,0.003244205955235815
527.9784231529643,0.003236626604495126
527.9984231529643,0.003229164120323311
528.0184231529643,0.003221818038202072
528.0384231529644,0.0032145879206812904
528.0584231529643,0.0032074733599576984
528.0784231529643,0.0032004739780668685
528.0984231529643,0.003193589427411505
528.1184231529643,0.0031868193882668735
528.1384331529644,0.003180160270044005
528.1584331529643,0.003173618458012996
528.1784331529643,0.003167190361684445
528.1984331529643,0.003160875768505002
528.2184331529643,0.003154674488578664
528.2384331529643,0.0031485863611400255
528.2584331529644,0.0031426112471607866
528.2784331529643,0.003136749028216808
528.2984331529643,0.003130999612881154
528.3184331529643,0.0031253629296466917
528.3384331529643,0.003119838926967497
528.3584331529643,0.003114427573992579
528.3784331529644,0.0031091288597041595
528.3984331529643,0.003103942789674239
528.4184331529643,0.003098869391094836
528.4384331529643,0.0030939087040245047
528.4584331529643,0.003089060787143742
528.4784331529643,0.003084325714614132
528.4984331529644,0.0030797035707464254
528.5184331529643,0.0030751944570494762
528.5384331529643,0.003070798486040397
528.5584331529643,0.0030665157838508606
528.5784331529643,0.0030623464835410215
528.5984331529643,0.003058290728644912
528.6184331529644,0.0030543486726231344
528.6384331529644,0.0030505204758017462
528.6584331529643,0.003046806305995701
528.6784431529643,0.0030432045567177217
528.6984431529643,0.0030397190096387522
528.7184431529644,0.0030363480146685827
528.7384431529644,0.003033091750023492
528.7584431529643,0.003029950399364788
528.7784431529643,0.0030269241430020064
528.7984431529643,0.003024013160232931
528.8184431529643,0.003021217626978804
528.8384431529643,0.003018537717452335
528.8584431529644,0.0030159735979730174
528.8784431529643,0.0030135254306196567
528.8984431529643,0.003011193365788682
528.9184431529643,0.0030089775493512562
528.9384431529643,0.003006878113886318
528.9584431529643,0.0030048951820977427
528.9784431529644,0.003003028863056174
528.9984431529643,0.0030012792527666482
529.0184431529643,0.002999646426897122
529.0384431529643,0.0029981304505505737
529.0584431529643,0.002996731364592546
529.0784431529643,0.002995449196132523
529.0984431529644,0.0029942839480803056
529.1184431529643,0.0029932356005634374
529.1384431529643,0.0029923041104213096
529.1584431529643,0.0029914894111515494
529.1784431529643,0.0029907914094949714
529.1984531529644,0.002990209723817648
529.2184531529643,0.002989744780158306
529.2384531529643,0.002989396083369628
529.2584531529643,0.0029891634222978893
529.2784531529643,0.0029890465506836545
529.2984531529643,0.002989045193262523
529.3184531529644,0.0029891590368859465
529.3384531529643,0.0029893877328413428
529.3584531529643,0.0029897308950334687
529.3784531529643,0.002990188101029504
529.3984531529643,0.002990758886592115
529.4184531529643,0.0029914427493955066
529.4384531529643,0.0029922391421497246
529.4584531529644,0.002993147479175136
529.4784531529643,0.0029941671295313802
529.4984531529643,0.0029952974192239135
529.5184531529643,0.0029965376293131086
529.5384531529643,0.0029978869963821933
529.5584531529643,0.0029993447058115634
529.5784531529644,0.003000909902492995
529.5984531529643,0.0030025816780097745
529.6184531529643,0.0030043590812404495
529.6384531529643,0.003006241109307644
529.6584531529643,0.0030082267100593717
529.6784531529643,0.0030103147821240687
529.6984531529644,0.0030125041757048487
529.7184531529643,0.003014793690568399
529.7384631529643,0.0030171832956161267
529.7584631529643,0.003019669296613689
529.7784631529643,0.0030222515155568066
529.7984631529644,0.0030249285509599587
529.8184631529643,0.0030276989490519986
529.8384631529643,0.0030305612097227567
529.8584631529643,0.0030335137809226814
529.8784631529643,0.0030365550600866087
529.8984631529643,0.0030396833978230064
529.9184631529644,0.003042897095320455
529.9384631529643,0.003046194404387822
529.9584631529643,0.0030495735303899536
529.9784631529643,0.0030530326303708586
529.9984631529643,0.0030565698152694495
530.0184631529643,0.0030601831519750985
530.0384631529644,0.0030638706605604273
530.0584631529644,0.0030676303189419406
530.0784631529643,0.003071460062650931
530.0984631529643,0.0030753577815394177
530.1184631529643,0.003079321329122935
530.1384631529643,0.003083348516839976
530.1584631529643,0.003087437120083251
530.1784631529644,0.003091584875014468
530.1984631529643,0.0030957894827476906
530.2184631529643,0.0031000486107516014
530.2384631529643,0.0031043598935148924
530.2584631529643,0.0031087209345726768
530.2784731529644,0.0031131315212392426
530.2984731529643,0.0031175847910045614
530.3184731529643,0.0031220804556228543
530.3384731529643,0.0031266160089015774
530.3584731529643,0.0031311889232193625
530.3784731529643,0.0031357966490386446
530.3984731529644,0.0031404366175701733
530.4184731529643,0.003145106243720465
530.4384731529643,0.003149802926595268
530.4584731529643,0.003154524051715506
530.4784731529643,0.003159266993902447
530.4984731529643,0.0031640291183976117
530.5184731529644,0.0031688077826689015
530.5384731529643,0.003173600340709004
530.5584731529643,0.00317840414177832
530.5784731529643,0.003183216535725926
530.5984731529643,0.003188034873786128
530.6184731529643,0.0031928565089883415
530.6384731529644,0.0031976788020956913
530.6584731529643,0.0032024991208704917
530.6784731529643,0.003207314843483903
530.6984731529643,0.003212123359927802
530.7184731529643,0.0032169220754052702
530.7384731529643,0.0032217084117105955
530.7584731529644,0.0032264798091447087
530.7784731529644,0.003231233729284742
530.7984831529643,0.0032359700185076966
530.8184831529643,0.003240681453572355
530.8384831529643,0.0032453679434599676
530.8584831529644,0.0032500270558262576
530.8784831529643,0.0032546563911555783
530.8984831529643,0.0032592535821584258
530.9184831529643,0.003263816298416972
530.9384831529643,0.0032683422470482304
530.9584831529643,0.003272829175931553
530.9784831529644,0.003277274873146741
530.9984831529644,0.0032816771717402342
531.0184831529643,0.0032860339493663827
531.0384831529643,0.003290343132829285
531.0584831529643,0.0032946026951804937
531.0784831529643,0.0032988106627064415
531.0984831529643,0.0033029651120696194
531.1184831529644,0.003307064174955514
531.1384831529643,0.00331110603787286
531.1584831529643,0.0033150889454957432
531.1784831529643,0.0033190111987387695
531.1984831529643,0.003322871160463382
531.2184831529643,0.003326667251544935
531.2384831529644,0.00333039795610855
531.2584831529643,0.0033340618219623573
531.2784831529643,0.003337657460845325
531.2984831529643,0.0033411835482822336
531.3184831529643,0.0033446388261120256
531.3384931529644,0.003348023775979352
531.3584931529643,0.003351333893559186
531.3784931529643,0.0033545698298342213
531.3984931529643,0.0033577305972666465
531.4184931529643,0.0033608152795881
531.4384931529643,0.0033638230264193877
531.4584931529644,0.0033667530588336594
531.4784931529643,0.0033696046697685835
531.4984931529643,0.003372377219122949
531.5184931529643,0.0033750701382899415
531.5384931529643,0.0033776829299376745
531.5584931529643,0.0033802151665028785
531.5784931529643,0.003382666490486637
531.5984931529644,0.00338503661567324
531.6184931529643,0.003387325323126807
531.6384931529643,0.0033895324661755676
531.6584931529643,0.0033916579655374614
531.6784931529643,0.003393701810405356
531.6984931529643,0.0033956640613349715
531.7184931529644,0.003397544843695953
531.7384931529643,0.003399344351310227
531.7584931529643,0.0034010628429583596
531.7784931529643,0.0034027006457956
531.7984931529643,0.0034042581518166156
531.8184931529643,0.0034057358162643088
531.8384931529644,0.003407134158697798
531.8584931529643,0.0034084537610136294
531.8785031529643,0.0034096958738032796
531.8985031529643,0.003410859958568442
531.9185031529643,0.003411947422530781
531.9385031529644,0.0034129590941840158
531.9585031529643,0.0034138958574481326
531.9785031529643,0.0034147586562566653
531.9985031529643,0.0034155484913677963
532.0185031529643,0.0034162664194408495
532.0385031529643,0.0034169135514303564
532.0585031529644,0.0034174910544058873
532.0785031529643,0.00341800014725234
532.0985031529643,0.0034184421037973785
532.1185031529643,0.0034188182476115343
532.1385031529643,0.0034191299536792505
532.1585031529643,0.0034193786475585934
532.1785031529644,0.003419565803427498
532.1985031529643,0.0034196929433703907
532.2185031529643,0.003419761640520619
532.2385031529643,0.0034197735107440327
532.2585031529643,0.003419730219470123
532.2785031529643,0.003419633474837005
532.2985031529643,0.003419485031591251
532.3185031529644,0.0034192866883539456
532.3385031529643,0.0034190402875012133
532.3585031529643,0.003418747713478957
532.3785031529643,0.003418410893297711
532.3985131529644,0.0034180315955517865
532.4185131529644,0.0034176122114121287
532.4385131529643,0.003417154610894815
532.4585131529643,0.003416660883921735
532.4785131529643,0.00341613316081735
532.4985131529643,0.0034155736092065605
532.5185131529643,0.00341498443594503
532.5385131529644,0.003414367885760792
532.5585131529643,0.003413726239548187
532.5785131529643,0.003413061815443126
532.5985131529643,0.0034123769679387734
532.6185131529643,0.0034116740863892616
532.6385131529643,0.003410955595562827
532.6585131529644,0.003410223954903802
532.6785131529643,0.003409481656016709
532.6985131529643,0.003408731225473765
532.7185131529643,0.0034079752207812706
532.7385131529643,0.003407216230991151
532.7585131529643,0.003406456877533678
532.7785131529644,0.003405699810209345
532.7985131529643,0.0034049477085577665
532.8185131529643,0.0034042032806029594
532.8385131529643,0.003403469261905555
532.8585131529643,0.0034027484136171207
532.8785131529643,0.0034020435225571677
532.8985131529644,0.0034013573998459027
532.9185131529644,0.0034006928794995768
532.9385231529643,0.0034000525036850856
532.9585231529643,0.0033994397878598292
532.9785231529643,0.0033988573017965473
532.9985231529644,0.0033983079572361447
533.0185231529643,0.003397794681086215
533.0385231529643,0.0033973204156296116
533.0585231529643,0.003396888115374998
533.0785231529643,0.0033965007427889937
533.0985231529643,0.0033961612721788185
533.1185231529644,0.003395872682933019
533.1385231529644,0.003395637958577642
533.1585231529643,0.003395460084103686
533.1785231529643,0.0033953420465627077
533.1985231529643,0.003395286827161714
533.2185231529643,0.003395297405889937
533.2385231529643,0.0033953767516216402
533.2585231529644,0.003395527824797448
533.2785231529643,0.0033957535724909184
533.2985231529643,0.0033960569248068333
533.3185231529643,0.003396440792748612
533.3385231529643,0.0033969080668041383
533.3585231529643,0.003397461612506286
533.3785231529644,0.0033981042647217774
533.3985231529643,0.00339883882750142
533.4185231529643,0.0033996680710973314
533.4385231529643,0.0034005947268792316
533.4585231529643,0.0034016214851527544
533.4785331529644,0.003402751573082722
533.4985331529643,0.003403986462706546
533.5185331529643,0.0034053292328562515
533.5385331529643,0.003406782365216774
533.5585331529643,0.003408348284968575
533.5785331529643,0.0034100293499941437
533.5985331529644,0.0034118278502573035
533.6185331529643,0.0034137460018232708
533.6385331529643,0.003415785947369845
533.6585331529643,0.003417949745466624
533.6785331529643,0.0034202393723205
533.6985331529643,0.0034226567110961894
533.7185331529644,0.0034252035566247757
533.7385331529644,0.00342788160261279
533.7585331529643,0.003430692443622622
533.7785331529643,0.0034336375673508328
533.7985331529643,0.003436718352547924
533.8185331529643,0.0034399360588362998
533.8385331529643,0.00344329183378675
533.8585331529644,0.0034467866955428376
533.8785331529643,0.0034504215420303156
533.8985331529643,0.003454197136165718
533.9185331529643,0.003458114104523645
533.9385331529643,0.0034621729347089503
533.9585331529643,0.0034663739723526715
533.9785331529644,0.0034707174147516123
533.9985431529643,0.0034752055866880513
534.0185431529643,0.003479833884313059
534.0385431529643,0.003484604250445428
534.0585431529643,0.0034895162503866435
534.0785431529644,0.0034945692794977434
534.0985431529643,0.0034997625673010724
534.1185431529643,0.0035050951648713602
534.1385431529643,0.0035105659448254403
534.1585431529643,0.0035161735990474684
534.1785431529643,0.0035219166343996443
534.1985431529644,0.003527793366787306
534.2185431529643,0.0035338019223038596
534.2385431529643,0.00353994022814681
534.2585431529643,0.003546206016185507
534.2785431529643,0.0035525968161481567
534.2985431529643,0.0035591099525828073
534.3185431529644,0.0035657425446344254
534.3385431529643,0.003572491502349882
534.3585431529643,0.0035793535174285748
534.3785431529643,0.003586325074438383
534.3985431529643,0.003593402435045457
534.4185431529643,0.0036005816465488846
534.4385431529643,0.0036078585315486773
534.4585431529644,0.003615228689425876
534.4785431529643,0.003622687494536104
534.4985431529643,0.0036302300947669863
534.5185431529643,0.003637851409034712
534.5385531529644,0.0036455499917380277
534.5585531529644,0.003653312598293989
534.5785531529643,0.0036611372849763265
534.5985531529643,0.003669018040340372
534.6185531529643,0.0036769486172839867
534.6385531529643,0.003684922534030196
534.6585531529643,0.003692933068630068
534.6785531529644,0.003700973264627196
534.6985531529643,0.003709035923570576
534.7185531529643,0.0037171136074600117
534.7385531529643,0.0037251986384902094
534.7585531529643,0.0037332830996365217
534.7785531529643,0.003741358826706055
534.7985531529644,0.0037494174203595936
534.8185531529643,0.0037574502322352027
534.8385531529643,0.0037654483756912093
534.8585531529643,0.0037734027199651083
534.8785531529643,0.003781303890870348
534.8985531529643,0.0037891422675845024
534.9185531529644,0.0037969079914466305
534.9385531529643,0.0038045909523542224
534.9585531529643,0.0038121807992077613
534.9785531529643,0.0038196669371902523
534.9985531529643,0.0038270385263191285
535.0185531529643,0.003834284479310751
535.0385531529644,0.0038413934645215577
535.0585531529644,0.003848353903535259
535.0785631529643,0.003855157345315596
535.0985631529643,0.0038617849062797488
535.1185631529643,0.0038682277179147248
535.1385631529644,0.0038744732287809614
535.1585631529643,0.003880508635705231
535.1785631529643,0.00388632089630374
535.1985631529643,0.0038918967217092437
535.2185631529643,0.003897222592059125
535.2385631529643,0.0039022847303610384
535.2585631529644,0.003907069132958604
535.2785631529644,0.003911561551655426
535.2985631529643,0.0039157475151543565
535.3185631529643,0.003919612302449162
535.3385631529643,0.003923140980860208
535.3585631529643,0.003926318376881625
535.3785631529643,0.003929129107063131
535.3985631529644,0.003931557567176425
535.4185631529643,0.003933587952454787
535.4385631529643,0.003935204241640065
535.4585631529643,0.0039363902372830575
535.4785631529643,0.003937129534151561
535.4985631529643,0.003937405561057252
535.5185631529644,0.0039372015871282015
535.5385631529643,0.003936500726455572
535.5585631529643,0.0039352859467503415
535.5785631529643,0.003933540094221217
535.5985731529643,0.0039312446192180505
535.6185731529644,0.003928384487331107
535.6385731529643,0.0039249412501731265
535.6585731529643,0.003920897445017224
535.6785731529643,0.0039162355986726615
535.6985731529643,0.003910938216724314
535.7185731529643,0.003904987849664075
535.7385731529644,0.0038983671025982357
535.7585731529643,0.0038910586832413625
535.7785731529643,0.003883045401343986
535.7985731529643,0.003874310248919226
535.8185731529643,0.003864836401942363
535.8385731529643,0.003854607300808244
535.8585731529644,0.003843606635130835
535.8785731529643,0.0038318184471126068
535.8985731529643,0.00381922713034624
535.9185731529643,0.0038058175110040797
535.9385731529643,0.003791574877011198
535.9585731529643,0.003776485066089491
535.9785731529644,0.0037605344549664433
535.9985731529644,0.0037437100925342766
536.0185731529643,0.003725999673166365
536.0385731529643,0.0037073916596088597
