Energy,O_XAS
497.42482800603415,5.9718110473670976e-05
497.44482800603413,6.0545013644758545e-05
497.46482800603417,6.135933606133611e-05
497.48482800603415,6.216080740650803e-05
497.50482800603413,6.294919331032045e-05
497.52482800603417,6.372429318911044e-05
497.54482800603415,6.448594108422139e-05
497.56482800603413,6.523400485062222e-05
497.5848280060342,6.596838582709826e-05
497.60482800603415,6.668901777567847e-05
497.62482800603414,6.739586674404348e-05
497.6448280060342,6.808892962416183e-05
497.66482800603416,6.876823355277903e-05
497.68482800603414,6.943383470140608e-05
497.70483800603415,7.008614021112496e-05
497.72483800603413,7.07246088181011e-05
497.7448380060342,7.134970653284031e-05
497.76483800603415,7.196159445720392e-05
497.78483800603414,7.256045597267398e-05
497.8048380060342,7.314649671658076e-05
497.82483800603416,7.371994195014704e-05
497.84483800603414,7.428103577863548e-05
497.8648380060341,7.483003930184917e-05
497.88483800603416,7.53672296115741e-05
497.90483800603414,7.589289801185625e-05
497.9248380060341,7.640734863250853e-05
497.94483800603416,7.691089687978804e-05
497.96483800603414,7.740386857253226e-05
497.9848380060341,7.788659820260493e-05
498.00483800603416,7.835942629373744e-05
498.02483800603414,7.882270071391297e-05
498.0448380060341,7.927677334327484e-05
498.06483800603417,7.972199955771308e-05
498.08483800603415,8.015873701539494e-05
498.10483800603413,8.058734447038297e-05
498.12483800603417,8.100818069308588e-05
498.14483800603415,8.142160343818742e-05
498.16483800603413,8.1827968597038e-05
498.18483800603417,8.222762915821601e-05
498.20483800603415,8.262093446211247e-05
498.22484800603416,8.300842166443982e-05
498.24484800603415,8.339004325346568e-05
498.26484800603413,8.376632833148358e-05
498.28484800603417,8.413760445838455e-05
498.30484800603415,8.450419231190036e-05
498.32484800603413,8.486640509484727e-05
498.34484800603417,8.522454839467667e-05
498.36484800603415,8.557891952492873e-05
498.38484800603413,8.592980747248626e-05
498.4048480060342,8.6277492460327e-05
498.42484800603415,8.662224592992874e-05
498.44484800603414,8.696433029769496e-05
498.4648480060342,8.730399888310305e-05
498.48484800603416,8.764149577495104e-05
498.50484800603414,8.797705605827013e-05
498.5248480060342,8.831090564140505e-05
498.54484800603416,8.864326101802185e-05
498.56484800603414,8.897433007218983e-05
498.5848480060341,8.93043115716627e-05
498.60484800603416,8.963339561278114e-05
498.62484800603414,8.996176368664864e-05
498.6448480060341,9.028958889594351e-05
498.66484800603416,9.061703612714002e-05
498.68484800603414,9.094426232554575e-05
498.7048480060341,9.127141668099369e-05
498.72484800603416,9.15986409130079e-05
498.74484800603415,9.192606950403309e-05
498.76485800603416,9.22539939742539e-05
498.78485800603414,9.25822073861857e-05
498.8048580060341,9.291098798040257e-05
498.82485800603416,9.324044398030742e-05
498.84485800603414,9.357067779060901e-05
498.8648580060341,9.390178622409948e-05
498.88485800603416,9.423386071450983e-05
498.90485800603415,9.456698773776455e-05
498.9248580060341,9.490124892245232e-05
498.94485800603417,9.523672142197997e-05
498.96485800603415,9.557347810508993e-05
498.98485800603413,9.591158784587873e-05
499.00485800603417,9.62511157146083e-05
499.02485800603415,9.659212331446846e-05
499.04485800603413,9.693466887279121e-05
499.06485800603417,9.72788075324155e-05
499.08485800603415,9.762459167030169e-05
499.10485800603414,9.79720708323182e-05
499.1248580060342,9.832129219613928e-05
499.14485800603416,9.867230059632891e-05
499.16485800603414,9.902513875932338e-05
499.1848580060341,9.937984743659614e-05
499.20485800603416,9.9736465623811e-05
499.22485800603414,0.0001000950306264525
499.2448580060341,0.00010045557827800358
499.26485800603416,0.00010081814302696426
499.28485800603414,0.00010118275808681223
499.30486800603416,0.00010154963939224396
499.32486800603414,0.00010191845130569146
499.3448680060342,0.00010228940685469622
499.36486800603416,0.00010266253529906557
499.38486800603414,0.00010303786532809379
499.4048680060341,0.00010341542484700354
499.42486800603416,0.00010379524125868929
499.44486800603414,0.00010417734149091357
499.4648680060341,0.0001045617520512168
499.48486800603416,0.00010494849905976193
499.50486800603414,0.00010533760835023619
499.5248680060341,0.00010572910552236078
499.54486800603416,0.00010612301596438703
499.56486800603415,0.00010651936490254477
499.5848680060341,0.00010691817740962574
499.60486800603417,0.00010731947868709296
499.62486800603415,0.00010772329370103447
499.64486800603413,0.00010812964747022039
499.66486800603417,0.00010853856509449267
499.68486800603415,0.00010895007169597471
499.70486800603413,0.00010936419249281423
499.72486800603417,0.00010978095280447808
499.74486800603415,0.00011020037812065148
499.76486800603413,0.0001106224940361518
499.7848680060342,0.00011104732636070194
499.80486800603416,0.00011147490107861717
499.82487800603417,0.00011190546026903334
499.84487800603415,0.00011233859998313054
499.86487800603413,0.00011277456135298608
499.88487800603417,0.0001132133713541497
499.90487800603415,0.00011365505706885666
499.92487800603413,0.00011409964605580853
499.9448780060342,0.00011454716597611471
499.96487800603416,0.00011499764486754651
499.98487800603414,0.00011545111109335515
500.0048780060341,0.00011590759333759862
500.02487800603416,0.00011636712057335017
500.04487800603414,0.0001168297221276838
500.0648780060341,0.00011729542768810917
500.08487800603416,0.00011776426727569725
500.10487800603414,0.00011823627125653503
500.1248780060341,0.00011871147030634634
500.14487800603416,0.000119189895733752
500.16487800603414,0.00011967157896713976
500.1848780060341,0.00012015655189309589
500.20487800603416,0.00012064484686169308
500.22487800603415,0.00012113649657973787
500.2448780060341,0.00012163153417981396
500.26487800603417,0.0001221299932041912
500.28487800603415,0.00012263190767140028
500.30487800603413,0.00012313731197393296
500.32487800603417,0.0001236462410017747
500.34487800603415,0.00012415873007607392
500.36488800603416,0.00012467507395112285
500.38488800603415,0.0001251947927319798
500.4048880060341,0.00012571818039181006
500.42488800603417,0.0001262452740813065
500.44488800603415,0.00012677611153331283
500.46488800603413,0.00012731073102204303
500.48488800603417,0.00012784917114196413
500.50488800603415,0.0001283914712452918
500.52488800603413,0.00012893767103630086
500.54488800603417,0.0001294878108776102
500.56488800603415,0.00013004193160049551
500.58488800603413,0.00013060007463557718
500.6048880060342,0.00013116228190091978
500.62488800603415,0.00013172859605108792
500.64488800603414,0.00013229906012471182
500.6648880060342,0.0001328737177622073
500.68488800603416,0.00013345261355534287
500.70488800603414,0.00013403579223567565
500.7248880060341,0.00013462329947696428
500.74488800603416,0.00013521518146911754
500.76488800603414,0.00013581148508079888
500.7848880060341,0.00013641225779107604
500.80488800603416,0.00013701754784396618
500.82488800603414,0.0001376274040670066
500.8448880060341,0.00013824187605184
500.86488800603416,0.00013886101406860405
500.88488800603415,0.00013948486912962826
500.90489800603416,0.000140113808438943
500.92489800603414,0.00014074725583130445
500.9448980060341,0.0001413855777775703
500.96489800603416,0.00014202882812145887
500.98489800603414,0.00014267706184030435
501.0048980060341,0.00014333033439284607
501.02489800603416,0.0001439887021884944
501.04489800603415,0.0001446522224970267
501.0648980060341,0.00014532095344012185
501.08489800603417,0.00014599495393398927
501.10489800603415,0.00014667428380384044
501.12489800603413,0.000147359003796646
501.14489800603417,0.00014804917553368278
501.16489800603415,0.00014874486153997553
501.18489800603413,0.00014944612517973931
501.20489800603417,0.0001501530312230195
501.22489800603415,0.00015086564496586915
501.24489800603413,0.0001515840328098796
501.2648980060342,0.00015230826229501915
501.28489800603415,0.00015303840190721986
501.30489800603414,0.00015377452120916588
501.3248980060342,0.00015451669082046135
501.34489800603416,0.00015526498254108333
501.36489800603414,0.0001560194691812016
501.3848980060341,0.00015678022478321326
501.40489800603416,0.00015754732451785523
501.4249080060342,0.0001583212331694344
501.44490800603415,0.0001591012547354274
501.46490800603414,0.00015988785317235885
501.4849080060342,0.00016068110871433753
501.50490800603416,0.00016148110250220648
501.52490800603414,0.00016228791746761325
501.5449080060341,0.00016310163744147184
501.56490800603416,0.0001639223478055078
501.58490800603414,0.00016475013537670534
501.6049080060341,0.0001655850884028352
501.62490800603416,0.00016642729649032155
501.64490800603414,0.00016727685077072368
501.6649080060341,0.00016813384392681214
501.68490800603416,0.00016899837013259594
501.70490800603415,0.00016987052510916058
501.7249080060341,0.00017075040603823098
501.74490800603417,0.00017163811235376372
501.76490800603415,0.0001725337445445713
501.78490800603413,0.00017343740495030446
501.80490800603417,0.0001743491978341868
501.82490800603415,0.00017526922911516272
501.84490800603413,0.00017619760656363657
501.86490800603417,0.00017713443978526996
501.88490800603415,0.000178079840404214
501.90490800603413,0.00017903392183882852
501.9249080060342,0.00017999679962000327
501.94490800603415,0.00018096859126292381
501.96491800603417,0.00018194990912480578
501.98491800603415,0.00018293989393887477
502.00491800603413,0.00018393915802535554
502.02491800603417,0.00018494782732925825
502.04491800603415,0.000185966030321166
502.06491800603413,0.00018699389787680238
502.0849180060342,0.00018803156276536192
502.10491800603415,0.00018907916081989243
502.12491800603414,0.00019013682988524658
502.1449180060342,0.00019120471068293833
502.16491800603416,0.00019228294633390056
502.18491800603414,0.00019337168274449236
502.2049180060341,0.00019447106834098293
502.22491800603416,0.00019558125477741453
502.24491800603414,0.00019670239604400566
502.2649180060341,0.000197834649079545
502.28491800603416,0.0001989781747284273
502.30491800603414,0.00020013313565255526
502.3249180060341,0.00020129969851452663
502.34491800603416,0.00020247803286988959
502.36491800603415,0.0002036683116659727
502.3849180060341,0.00020487071110012177
502.40491800603417,0.00020608541109506888
502.42491800603415,0.0002073125948690129
502.44491800603413,0.0002085524494630484
502.46491800603417,0.000209805165587153
502.48491800603415,0.0002110709378465932
502.50492800603416,0.0002123506075153383
502.52492800603414,0.0002136430980201378
502.5449280060341,0.00021494925259030783
502.56492800603417,0.00021626928165836324
502.58492800603415,0.00021760340102621654
502.60492800603413,0.00021895183004670818
502.62492800603417,0.00022031479304313232
502.64492800603415,0.0002216925191468119
502.66492800603413,0.00022308524234266854
502.68492800603417,0.00022449320139053663
502.70492800603415,0.00022591664024898276
502.72492800603413,0.00022735580820829108
502.7449280060342,0.00022881095982315038
502.76492800603415,0.00023028235515379548
502.78492800603414,0.00023177025962969037
502.8049280060342,0.00023327494580740421
502.82492800603416,0.000234796690985649
502.84492800603414,0.00023633577889387345
502.8649280060341,0.00023789250005310728
502.88492800603416,0.00023946715123557386
502.90492800603414,0.00024106003601746955
502.9249280060341,0.0002426714648515116
502.94492800603416,0.0002443017555893645
502.96492800603414,0.00024595123311596696
502.9849280060341,0.00024762023015278403
503.00492800603416,0.00024930908713654263
503.0249380060341,0.00025101901238828707
503.04493800603416,0.0002527486534372427
503.06493800603414,0.00025449922509128675
503.0849380060341,0.0002562711021050234
503.10493800603416,0.0002580646670204434
503.12493800603414,0.0002598803133966002
503.1449380060341,0.00026171844302716197
503.16493800603416,0.00026357946830410747
503.18493800603414,0.0002654638121234808
503.2049380060341,0.00026737190806456953
503.22493800603417,0.0002693042004287735
503.24493800603415,0.0002712611450631507
503.26493800603413,0.0002732432097396035
503.28493800603417,0.0002752508741915098
503.30493800603415,0.00027728463073802554
503.32493800603413,0.0002793449842050419
503.34493800603417,0.0002814324549188295
503.36493800603415,0.0002835475751974038
503.38493800603413,0.0002856908921428256
503.4049380060342,0.00028786296859739256
503.42493800603415,0.0002900643824296909
503.44493800603414,0.0002922957277270831
503.4649380060342,0.00029455761517514144
503.48493800603416,0.00029685067322491714
503.50493800603414,0.0002991755477938582
503.5249380060341,0.0003015329038918558
503.54493800603416,0.0003039234258013863
503.5649480060342,0.0003063490391475068
503.58494800603415,0.00030880804420825244
503.60494800603414,0.00031130239322942695
503.6249480060342,0.0003138328553522362
503.64494800603416,0.00031640022462984147
503.66494800603414,0.00031900531981448406
503.6849480060341,0.00032164898340653053
503.70494800603416,0.00032433208727621754
503.72494800603414,0.00032705552904981804
503.7449480060341,0.0003298202368033943
503.76494800603416,0.00033262716806703793
503.78494800603414,0.00033547731250911406
503.8049480060341,0.00033837169186462545
503.82494800603416,0.0003413113642679858
503.84494800603414,0.00034429742173402853
503.8649480060341,0.00034733099408058567
503.88494800603416,0.0003504132541854118
503.90494800603415,0.0003535454109861133
503.9249480060341,0.00035672872033527223
503.94494800603417,0.0003599644817922873
503.96494800603415,0.0003632540427125885
503.98494800603413,0.00036659879945625997
504.00494800603417,0.0003700002015980859
504.02494800603415,0.00037345975213583097
504.04494800603413,0.000376979012000373
504.0649480060342,0.0003805596019457792
504.08494800603415,0.00038420320604843304
504.10495800603417,0.00038791344507873367
504.12495800603415,0.00039168842908516796
504.14495800603413,0.0003955318913120868
504.16495800603417,0.00039944579804708773
504.18495800603415,0.0004034322021393725
504.20495800603413,0.0004074932360312979
504.22495800603417,0.00041163112292004543
504.24495800603415,0.00041584818063123135
504.26495800603413,0.0004201468249829126
504.2849580060342,0.0004245295743346412
504.30495800603416,0.00042899905629138757
504.32495800603414,0.00043355801340482945
504.3449580060341,0.0004382093072929888
504.36495800603416,0.0004429559266235018
504.38495800603414,0.0004478009908956798
504.4049580060341,0.00045274776588623104
504.42495800603416,0.0004577996583225158
504.44495800603414,0.0004629602293361859
504.4649580060341,0.00046823320608396416
504.48495800603416,0.00047362248393807433
504.50495800603414,0.0004791321380276942
504.5249580060341,0.0004847664309884607
504.54495800603416,0.0004905298250854679
504.56495800603415,0.000496426987812793
504.5849580060341,0.000502462805760244
504.60495800603417,0.0005086423935162396
504.6249680060341,0.0005149743106028657
504.64496800603416,0.0005214578303027813
504.66496800603414,0.0005281019476038234
504.6849680060341,0.0005349128128734981
504.70496800603416,0.0005418968499552165
504.72496800603415,0.000549060800589387
504.7449680060341,0.0005564117085338703
504.76496800603417,0.0005639569508599251
504.78496800603415,0.0005717042525172987
504.80496800603413,0.0005796616954608547
504.82496800603417,0.0005878377341552382
504.84496800603415,0.0005962412143859081
504.86496800603413,0.0006048813899032493
504.88496800603417,0.0006137679331728378
504.90496800603415,0.0006229109590920237
504.92496800603413,0.0006323210330124192
504.9449680060342,0.0006420092098145321
504.96496800603416,0.000651987022046684
504.98496800603414,0.0006622665085218955
505.0049680060341,0.0006728602466320277
505.02496800603416,0.0006837813508448344
505.04496800603414,0.0006950434998082163
505.0649680060341,0.0007066609496050647
505.08496800603416,0.000718648560353374
505.10496800603414,0.000731021800650253
505.1249680060341,0.0007437967749460119
505.14496800603416,0.0007569902360791805
505.1649780060342,0.0007706265370583711
505.18497800603416,0.000784710132915106
505.20497800603414,0.0007992665489014634
505.2249780060341,0.0008143152753526477
505.24497800603416,0.0008298765540129156
505.26497800603414,0.0008459713585259335
505.2849780060341,0.0008626213843091857
505.30497800603416,0.0008798491291496265
505.32497800603414,0.0008976778226217516
505.3449780060341,0.0009161314920017535
505.36497800603416,0.0009352349327971947
505.38497800603415,0.0009550137339432158
505.4049780060341,0.0009754942535064376
505.42497800603417,0.0009967036701089714
505.44497800603415,0.0010186699121532482
505.46497800603413,0.0010414216920581433
505.48497800603417,0.001064988549265434
505.50497800603415,0.0010894007062138503
505.52497800603413,0.00111468920187447
505.54497800603417,0.001140885784481169
505.56497800603415,0.001168022929602868
505.58497800603413,0.0011961337989918725
505.6049780060342,0.0012252522495549926
505.62497800603415,0.0012554127640201133
505.64497800603414,0.0012866504486747227
505.6649780060342,0.001319000987035305
505.68497800603416,0.0013525006083640483
505.70498800603417,0.0013872036744421708
505.72498800603415,0.001423112671419287
505.74498800603413,0.0014602822527163665
505.7649880060342,0.0014987502938897345
505.78498800603415,0.0015385550543165465
505.80498800603414,0.0015797349283092187
505.8249880060342,0.0016223285104132081
505.84498800603416,0.001666374486461087
505.86498800603414,0.001711911564395594
505.8849880060341,0.0017589783634862379
505.90498800603416,0.0018076133669399663
505.92498800603414,0.001857854834289828
505.9449880060341,0.0019097406903995642
505.96498800603416,0.0019633084399514754
505.98498800603414,0.002018595042936438
506.0049880060341,0.0020756369804159716
506.02498800603416,0.0021344698931059433
506.04498800603415,0.0021951286149410466
506.0649880060341,0.002257647113319115
506.08498800603417,0.002322058282020985
506.10498800603415,0.002388393876843952
506.12498800603413,0.002456684389523122
506.14498800603417,0.002526958961843028
506.16498800603415,0.0025992452229057195
506.18498800603413,0.0026735692193663066
506.20498800603417,0.0027499552763308585
506.2249980060341,0.0028284656526627867
506.24499800603417,0.002909042440248916
506.26499800603415,0.002991742850524876
506.28499800603413,0.0030765832424817815
506.30499800603417,0.003163577637899861
506.32499800603415,0.003252737799474752
506.34499800603413,0.0033440728860418285
506.36499800603417,0.003437589563441397
506.38499800603415,0.003533291797779608
506.40499800603413,0.0036311808527466553
506.4249980060342,0.003731255102727564
506.44499800603415,0.0038335100296322004
506.46499800603414,0.003937938140585023
506.4849980060342,0.004044528905751373
506.50499800603416,0.0041532686490970035
506.52499800603414,0.004264140507012691
506.5449980060341,0.004377124658191491
506.56499800603416,0.004492197812978624
506.58499800603414,0.004609333526527866
506.6049980060341,0.004728502118496101
506.62499800603416,0.004849670627584321
506.64499800603414,0.0049728028328327855
506.6649980060341,0.005097859297023229
506.68499800603416,0.005224797360704628
506.70499800603415,0.0053535711828164466
506.7249980060341,0.005484131820428402
506.74499800603417,0.0056164272448280825
506.7650080060341,0.005750469823259286
506.78500800603416,0.005886067636700327
506.80500800603414,0.006023226461992286
506.8250080060341,0.006161882807397375
506.84500800603416,0.00630197052707618
506.86500800603415,0.006443421028829478
506.8850080060341,0.006586163297843526
506.90500800603417,0.006730124114847425
506.92500800603415,0.006875228155543393
506.94500800603413,0.007021398209212983
506.96500800603417,0.007168555267142332
506.98500800603415,0.007316618737830176
507.00500800603413,0.007465506625720827
507.02500800603417,0.0076151357065980235
507.04500800603415,0.007765421700352751
507.06500800603413,0.007916279452460016
507.0850080060342,0.008067623296595388
507.10500800603415,0.008219366993347238
507.12500800603414,0.008371424109792025
507.1450080060342,0.008523708181086748
507.16500800603416,0.008676132920793108
507.18500800603414,0.008828612413227339
507.2050080060341,0.008981061333465799
507.22500800603416,0.00913339513069835
507.24500800603414,0.009285530283906886
507.2650080060341,0.009437384424977747
507.28500800603416,0.009588876548642114
507.3050180060342,0.009740002639110817
507.32501800603416,0.00989053390985042
507.34501800603414,0.010040470214919736
507.3650180060341,0.010189737843891036
507.38501800603416,0.01033826525961758
507.40501800603414,0.010485983347445832
507.4250180060341,0.010632825423612638
507.44501800603416,0.010778727447721032
507.46501800603414,0.010923628032530362
507.4850180060341,0.011067468634861036
507.50501800603416,0.011210193568100536
507.52501800603414,0.011351750075350364
507.5450180060341,0.011492088371296482
507.56501800603417,0.011631161709505978
507.58501800603415,0.011768926384255515
507.60501800603413,0.011905341593210224
507.62501800603417,0.012040369616094315
507.64501800603415,0.012173975761781471
507.66501800603413,0.012306128120704694
507.68501800603417,0.012436797705202413
507.70501800603415,0.012565958247455525
507.72501800603413,0.012693586139018075
507.7450180060342,0.012819660331582486
507.76501800603415,0.012944162118497724
507.78501800603414,0.013067075105716645
507.8050180060342,0.013188384957362574
507.82502800603413,0.01330813865061053
507.84502800603417,0.013426205786261872
507.86502800603415,0.01354263739240376
507.88502800603413,0.013657425603585325
507.9050280060342,0.013770563606978642
507.92502800603415,0.013882045376774546
507.94502800603414,0.01399186557125493
507.9650280060342,0.014100019135187943
507.98502800603416,0.014206501235407756
508.00502800603414,0.014311306730503218
508.0250280060341,0.01441443019451849
508.04502800603416,0.014515865507446655
508.06502800603414,0.014615605634418698
508.0850280060341,0.014713642345981413
508.10502800603416,0.01480996604382772
508.12502800603414,0.01490456554033806
508.1450280060341,0.014997427465425862
508.16502800603416,0.015088536616706836
508.18502800603414,0.015177875373751145
508.2050280060341,0.015265423520128748
508.22502800603417,0.015351158137146282
508.24502800603415,0.015435053452571078
508.26502800603413,0.015517080534113837
508.28502800603417,0.01559720733962372
508.30502800603415,0.015675398469570775
508.32502800603413,0.015751615065110663
508.34502800603417,0.01582581480001922
508.3650380060341,0.015897987319561872
508.38503800603416,0.015968011001961012
508.40503800603415,0.016035869321089562
508.42503800603413,0.01610150562946969
508.44503800603417,0.016164859657101613
508.46503800603415,0.0162258676867657
508.48503800603413,0.01628446267089259
508.50503800603417,0.016340574104502646
508.52503800603415,0.01639412856446445
508.54503800603413,0.016445049463740483
508.5650380060342,0.016493257538145
508.58503800603415,0.016538670903478023
508.60503800603414,0.01658120540983439
508.6250380060342,0.016620774698917307
508.64503800603416,0.01665729075380294
508.66503800603414,0.016690664108568686
508.6850380060341,0.016720803766053154
508.70503800603416,0.01674761833073735
508.72503800603414,0.01677101564544821
508.7450380060341,0.016790903527703502
508.76503800603416,0.016807189982364922
508.78503800603414,0.0168197838058793
508.8050380060341,0.016828594661909866
508.82503800603416,0.016833533830009018
508.84503800603414,0.016834514273733628
508.8650380060341,0.016831451315116357
508.88503800603416,0.016824263000813064
508.9050480060341,0.01681286366249462
508.92504800603416,0.016797189339121426
508.94504800603414,0.016777163733371712
508.9650480060341,0.016752719850219568
508.98504800603416,0.016723794999361642
509.00504800603414,0.01669033187649473
509.0250480060341,0.016652278468634
509.04504800603416,0.016609588442735183
509.06504800603415,0.016562221650833164
509.0850480060341,0.016510144327670735
509.10504800603417,0.016453329380838717
509.12504800603415,0.016391756630553322
509.14504800603413,0.0163254131549089
509.16504800603417,0.016254293399620093
509.18504800603415,0.01617839950010549
509.20504800603413,0.01609774101621131
509.22504800603417,0.016012335778776483
509.24504800603415,0.015922209419854276
509.26504800603414,0.01582739568504621
509.2850480060342,0.01572793642489824
509.30504800603416,0.015623881669911957
509.32504800603414,0.01551528958371539
509.3450480060341,0.015402226287149148
509.36504800603416,0.015284766085222223
509.38504800603414,0.015162991076443616
509.4050480060341,0.015036991188673765
509.42505800603413,0.014906797910570172
509.4450580060342,0.01477264641124443
509.46505800603416,0.014634584917383868
509.48505800603414,0.014492732533805015
509.5050580060341,0.014347215346023547
509.52505800603416,0.014198165629504008
509.54505800603414,0.014045722042941456
509.5650580060341,0.013890028999917516
509.58505800603416,0.013731236256379007
509.60505800603414,0.013569498832337636
509.6250580060341,0.0134049764212248
509.64505800603416,0.013237833074706785
509.66505800603414,0.013068236784468829
509.6850580060341,0.012896359047977961
509.70505800603416,0.012722374557041038
509.72505800603415,0.012546460624157913
509.7450580060341,0.01236879674289104
509.76505800603417,0.012189564312103805
509.78505800603415,0.01200894604155383
509.80505800603413,0.011827125597921366
509.82505800603417,0.011644287177859416
509.84505800603415,0.01146061490167118
509.86505800603413,0.011276292691170716
509.88505800603417,0.01109150354495505
509.90505800603415,0.01090642931753135
509.92505800603413,0.01072125027905094
509.9450580060342,0.010536144684007698
509.96506800603413,0.01035119606637228
509.98506800603417,0.010166762444817143
510.00506800603415,0.009982921415063154
510.02506800603413,0.009799839544268546
510.04506800603417,0.009617679729916354
510.06506800603415,0.00943660081219254
510.08506800603413,0.009256757214500566
510.1050680060342,0.009078298961662035
510.12506800603416,0.008901371029350368
510.14506800603414,0.008726113476475937
510.1650680060342,0.008552661035817366
510.18506800603416,0.008381143029299085
510.20506800603414,0.008211683096025033
510.2250680060341,0.008044399243591531
510.24506800603416,0.007879403511209533
510.26506800603414,0.007716801933434911
510.2850680060341,0.007556694697333691
510.30506800603416,0.007399175603706415
510.32506800603414,0.007244332486847733
510.3450680060341,0.007092246925604858
510.36506800603416,0.006942994385870201
510.38506800603415,0.006796644015361005
510.4050680060341,0.0066532590062124385
510.42506800603417,0.006512896347539297
510.44506800603415,0.006375607088130614
510.46506800603413,0.006241436301030005
510.48506800603417,0.0061104232241939406
510.5050780060341,0.005982538194136869
510.52507800603416,0.005857936945381153
510.54507800603415,0.005736577240917224
510.5650780060341,0.0056184760209269935
510.58507800603417,0.005503645290146296
510.60507800603415,0.00539209180790923
510.62507800603413,0.005283817565918048
510.64507800603417,0.005178819926365354
510.66507800603415,0.0050770917226385884
510.68507800603413,0.0049786214733695865
510.70507800603417,0.004883393598054434
510.72507800603415,0.0047913886172203215
510.74507800603413,0.004702583323333931
510.7650780060342,0.004616950967753723
510.78507800603415,0.004534461446557236
510.80507800603414,0.004455081784649512
510.8250780060342,0.0043787758329789685
510.84507800603416,0.004305504839636373
510.86507800603414,0.004235227551831426
510.8850780060341,0.00416790037934136
510.90507800603416,0.0041034776241126066
510.92507800603414,0.004041911626614556
510.9450780060341,0.003983153050831378
510.96507800603416,0.003927150913371033
510.98507800603414,0.00387385289462329
511.0050780060341,0.003823205432549845
511.02508800603414,0.003775130526807642
511.0450880060341,0.003729620674965363
511.06508800603416,0.003686594996113186
511.08508800603414,0.003645996615944862
511.1050880060341,0.0036077682152282024
511.12508800603416,0.003571852212187263
511.14508800603414,0.0035381907134969543
511.1650880060341,0.0035067258349417052
511.18508800603416,0.0034773997131553477
511.20508800603415,0.0034501546304530847
511.2250880060341,0.003424933101139466
511.24508800603417,0.003401677988175553
511.26508800603415,0.0033803325587148884
511.28508800603413,0.0033608406449988
511.30508800603417,0.0033431465623626234
511.32508800603415,0.0033271952985052455
511.34508800603413,0.0033129326889165304
511.36508800603417,0.0033003051610302992
511.38508800603415,0.003289260060630085
511.40508800603413,0.003279745573693111
511.4250880060342,0.0032717107853542557
511.44508800603415,0.003265105747848131
511.46508800603414,0.0032598814966998814
511.4850880060342,0.0032559900418082668
511.50508800603416,0.00325338444495876
511.52508800603414,0.0032520188082351097
511.5450880060341,0.0032518483120887566
511.56509800603413,0.003252829939237043
511.5850980060342,0.003254920048728161
511.60509800603415,0.003258077276483578
511.62509800603414,0.003262261124265636
511.6450980060342,0.0032674322333584565
511.66509800603416,0.0032735522933645725
511.68509800603414,0.003280584106349771
511.7050980060341,0.0032884915714405166
511.72509800603416,0.0032972396573112527
511.74509800603414,0.003306794397930152
511.7650980060341,0.0033171228879723476
511.78509800603416,0.0033281932695889975
511.80509800603414,0.0033399747250977265
511.8250980060341,0.0033524374282191474
511.84509800603416,0.0033655525602291378
511.86509800603415,0.003379292344859695
511.8850980060341,0.003393629908056846
511.90509800603417,0.0034085393566356684
511.92509800603415,0.0034239957297368404
511.94509800603413,0.0034399749704677666
511.96509800603417,0.0034564539414483194
511.98509800603415,0.0034734103572588923
512.0050980060341,0.0034908228075073685
512.0250980060341,0.0035086707077024494
512.0450980060341,0.003526934296314238
512.0650980060342,0.0035455946075982703
512.0851080060341,0.0035646430685390726
512.1051080060341,0.003584043196968998
512.1251080060341,0.003603787727622702
512.1451080060341,0.0036238606906155487
512.1651080060342,0.003644246802930448
512.1851080060342,0.0036649314718459627
512.2051080060342,0.003685900748885948
512.2251080060341,0.003707141332480815
512.2451080060341,0.003728640541777642
512.2651080060341,0.003750386295818565
512.2851080060342,0.0037723670940795102
512.3051080060342,0.0037945720004466162
512.3251080060342,0.00381699062469419
512.3451080060341,0.0038396131060467707
512.3651080060341,0.003862430085557134
512.3851080060341,0.0038854326984157014
512.4051080060342,0.003908612571380392
512.4251080060342,0.003931961770193208
512.4451080060342,0.003955472810746595
512.4651080060341,0.0039791386351345605
512.4851080060341,0.004002952591322935
512.5051080060341,0.004026908431170419
512.5251080060342,0.00405100027600367
512.5451080060342,0.004075222619444023
512.5651080060342,0.0040995703003050615
512.5851080060341,0.004124038495165143
512.6051080060341,0.004148622701963391
512.6251180060342,0.004173331106354456
512.6451180060342,0.004198135103714023
512.6651180060342,0.004223043403877852
512.6851180060341,0.004248052656194205
512.7051180060341,0.004273159766884647
512.7251180060341,0.004298361889765854
512.7451180060341,0.004323656402595052
512.7651180060342,0.004349040905838823
512.7851180060342,0.004374513206120626
512.8051180060341,0.0044000713045659855
512.8251180060341,0.004425713384147835
512.8451180060341,0.004451437799226743
512.8651180060341,0.004477243061072915
512.8851180060342,0.004503127831606277
512.9051180060342,0.004529090902675554
512.9251180060342,0.004555131190830831
512.9451180060341,0.004581247728009541
512.9651180060341,0.004607439637890374
512.9851180060341,0.004633706134924774
513.0051180060342,0.004660046505874349
513.0251180060342,0.0046864600973458275
513.0451180060342,0.004712946307157281
513.0651180060341,0.0047395045679243545
513.0851180060341,0.004766134331413579
513.1051180060341,0.004792835059993024
513.1251180060342,0.00481960620997307
513.1451180060342,0.004846447219370598
513.1651280060341,0.004873370963881291
513.1851280060341,0.004900349886074078
513.2051280060341,0.004927396720248854
513.2251280060342,0.004954510680354041
513.2451280060342,0.004981690893241576
513.2651280060342,0.0050089363729427915
513.2851280060341,0.005036246015053517
513.3051280060341,0.005063618576690666
513.3251280060341,0.00509105266415624
513.3451280060342,0.005118546715215737
513.3651280060342,0.005146098986177508
513.3851280060342,0.005173707536792142
513.4051280060341,0.005201370217704556
513.4251280060341,0.0052290846508240155
513.4451280060341,0.0052568482218076544
513.4651280060341,0.005284658069579712
513.4851280060342,0.00531251106427678
513.5051280060342,0.00534040380322311
513.5251280060342,0.00536833259831036
513.5451280060341,0.005396293464094641
513.5651280060341,0.005424282114992921
513.5851280060341,0.005452293948315768
513.6051280060342,0.00548032404589957
513.6251280060342,0.005508367164366348
513.6451280060342,0.005536417731994602
513.6651280060341,0.005564469847027027
513.6851380060341,0.00559253129472828
513.7051380060342,0.005620567465293172
513.7251380060342,0.005648585490903074
513.7451380060342,0.00567657814894941
513.7651380060341,0.005704537910585163
513.7851380060341,0.005732456922732177
513.8051380060341,0.005760327038805888
513.8251380060342,0.005788139825676003
513.8451380060342,0.005815886565216446
513.8651380060342,0.005843558286697014
513.8851380060341,0.005871145773990761
513.9051380060341,0.005898639588045988
513.9251380060341,0.005926030086350262
513.9451380060342,0.00595330745573505
513.9651380060342,0.005980461717785378
513.9851380060342,0.006007482776202318
514.0051380060341,0.006034360436970057
514.0251380060341,0.006061084436353125
514.0451380060341,0.006087644481095046
514.0651380060342,0.006114030270637766
514.0851380060342,0.006140231540221192
514.1051380060342,0.0061662380964803915
514.1251380060341,0.006192039851481641
514.1451380060341,0.006217626857933368
514.1651380060341,0.006242989359585643
514.1851380060341,0.006268117813722033
514.2051380060342,0.006293002943675597
514.2251480060341,0.006317648024404068
514.2451480060341,0.006342019790768333
514.2651480060341,0.006366122360696424
514.2851480060341,0.006389947904385726
514.3051480060342,0.006413489046534181
514.3251480060342,0.006436738897973409
514.3451480060342,0.006459691121838375
514.3651480060341,0.00648233992914059
514.3851480060341,0.00650468014418356
514.4051480060341,0.006526707217777646
514.4251480060342,0.006548417268922992
514.4451480060342,0.006569807105828868
514.4651480060342,0.006590874260679131
514.4851480060341,0.006611616995750813
514.5051480060341,0.006632034349856099
514.5251480060341,0.006652126142526669
514.5451480060342,0.006671892968075297
514.5651480060342,0.0066913362588324615
514.5851480060342,0.0067104582478847855
514.6051480060341,0.0067292619996287065
514.6251480060341,0.006747751404286813
514.6451480060341,0.006765931184522471
514.6651480060342,0.006783806878245385
514.6851480060342,0.006801384850315641
514.7051480060342,0.0068186722633090235
514.7251480060341,0.006835677076666263
514.7451480060341,0.006852408024716828
514.7651580060342,0.006868882777124587
514.7851580060342,0.006885095075302858
514.8051580060342,0.00690106415418993
514.8251580060341,0.006916801616322634
514.8451580060341,0.006932319703920816
514.8651580060341,0.006947631276667532
514.8851580060342,0.006962749752870333
514.9051580060342,0.006977689090596683
514.9251580060342,0.006992463727816464
514.9451580060341,0.007007088551533489
514.9651580060341,0.007021578845802334
514.9851580060341,0.007035950247213384
515.0051580060341,0.0070502186862033455
515.0251580060342,0.007064400364295914
515.0451580060342,0.007078511679876994
515.0651580060342,0.0070925691679397445
515.0851580060341,0.007106589490772198
515.1051580060341,0.007120589347214346
515.1251580060341,0.007134585448356552
515.1451580060342,0.007148594456526926
515.1651580060342,0.00716263294058864
515.1851580060342,0.007176717328694824
515.2051580060341,0.007190863866197888
515.2251580060341,0.007205088566641942
515.2451580060341,0.007219407177181491
515.2651580060342,0.007233835136625779
515.2851680060342,0.007248394852041695
515.3051680060341,0.0072630864885833805
515.3251680060341,0.007277931599886227
515.3451680060341,0.00729294406793748
515.3651680060342,0.007308137297190568
515.3851680060342,0.007323524236428374
515.4051680060342,0.007339117320100649
515.4251680060341,0.007354928475127953
515.4451680060341,0.007370969119454232
515.4651680060341,0.007387250140257377
515.4851680060342,0.007403781898001604
515.5051680060342,0.007420574229847606
515.5251680060342,0.007437636456516852
515.5451680060341,0.007454977383738775
515.5651680060341,0.007472605328910226
515.5851680060341,0.00749052811912273
515.6051680060341,0.007508753144031811
515.6251680060342,0.007527287339356707
515.6451680060342,0.007546137237860069
515.6651680060342,0.00756530899906249
515.6851680060341,0.0075848084350322925
515.7051680060341,0.007604641046416889
515.7251680060341,0.00762481206430472
515.7451680060342,0.007645326490651797
515.7651680060342,0.007666189131229903
515.7851680060342,0.00768740465219323
515.8051680060341,0.007708977616549956
515.8251780060341,0.007730923589824625
515.8451780060342,0.007753225130644671
515.8651780060342,0.007775897662979155
515.8851780060342,0.007798945799542793
515.9051780060341,0.007822374298625716
515.9251780060341,0.007846188098420016
515.9451780060341,0.007870392342616137
515.9651780060342,0.007894992468144743
515.9851780060342,0.007919994208172854
516.0051780060342,0.007945403656127168
516.0251780060341,0.007971227293788416
516.0451780060341,0.007997472035859755
516.0651780060341,0.008024145251144227
516.0851780060342,0.008051254820303095
516.1051780060342,0.008078809130215008
516.1251780060342,0.008106817114719346
516.1451780060341,0.008135288307863385
516.1651780060341,0.00816423279063557
516.1851780060341,0.008193661273196541
516.2051780060342,0.00822358506632996
516.2251780060342,0.008254016102215479
516.2451780060342,0.008284966922287647
516.2651780060341,0.008316450697794329
516.2851780060341,0.008348481194075894
516.3051780060341,0.008381072783950847
516.3251780060341,0.00841424041358628
516.3451780060342,0.008447999590464918
516.3651880060341,0.00848238368914559
516.3851880060341,0.008517374875129144
516.4051880060341,0.008553007216803526
516.4251880060342,0.008589298124544861
516.4451880060342,0.008626265452021418
516.4651880060342,0.008663927345812216
516.4851880060342,0.008702302253260352
516.5051880060341,0.008741408873893224
516.5251880060341,0.00878126606692495
516.5451880060341,0.008821892804095604
516.5651880060342,0.008863308107685984
516.5851880060342,0.008905530985410812
516.6051880060342,0.008948580342344215
516.6251880060341,0.008992474928004937
516.6451880060341,0.009037233235160369
516.6651880060341,0.009082873490512936
516.6851880060342,0.009129413475526465
516.7051880060342,0.009176870508477162
516.7251880060342,0.009225261365896166
516.7451880060341,0.009274602175809762
516.7651880060341,0.0093249083496915
516.7851880060341,0.009376194489686423
516.8051880060342,0.009428474334844183
516.8251880060342,0.009481760632313528
516.8451880060342,0.009536065109464245
516.8651880060341,0.009591398356878247
516.8851980060341,0.00964779821320971
516.9051980060342,0.009705216417533635
516.9251980060342,0.009763687655975923
516.9451980060342,0.009823217293643936
516.9651980060341,0.009883809153892958
516.9851980060341,0.009945465569297691
517.0051980060341,0.010008187192159523
517.0251980060342,0.010071973030217403
517.0451980060342,0.01013682036762317
517.0651980060342,0.010202724704015887
517.0851980060341,0.010269679703369144
517.1051980060341,0.010337677165042351
517.1251980060341,0.01040670698585224
517.1451980060341,0.010476757121601147
517.1651980060342,0.010547813544733853
517.1851980060342,0.010619860225598209
517.2051980060342,0.010692879209989074
517.2251980060341,0.010766850424179181
517.2451980060341,0.010841751811457537
517.2651980060341,0.010917559276506795
517.2851980060342,0.010994246691153847
517.3051980060342,0.011071785912868184
517.3251980060342,0.01115014678458174
517.3451980060341,0.011229297175126121
517.3651980060341,0.011309202968581133
517.3851980060341,0.011389828133054832
517.4051980060342,0.01147113472750582
517.4252080060342,0.011553124055745998
517.4452080060341,0.011635672566071174
517.4652080060341,0.011718777657096517
517.4852080060341,0.011802394235430913
517.5052080060342,0.011886475506877527
517.5252080060342,0.011970973118965725
517.5452080060342,0.012055837162897778
517.5652080060341,0.012141016255199418
517.5852080060341,0.012226457641220259
517.6052080060341,0.012312107238613378
517.6252080060342,0.01239790972433128
517.6452080060342,0.012483808613751417
517.6652080060342,0.012569746360791612
517.6852080060341,0.012655664415488542
517.7052080060341,0.012741503324283658
517.7252080060341,0.012827202820780243
517.7452080060341,0.012912701937831863
517.7652080060342,0.012997939063634542
517.7852080060342,0.01308285204026924
517.8052080060341,0.013167378276221685
517.8252080060341,0.013251454820433975
517.8452080060341,0.01333501848161248
517.8652080060341,0.013418005882796524
517.8852080060342,0.013500353594510283
517.9052080060342,0.013581998195234838
517.9252080060342,0.01366287638423311
517.9452080060341,0.013742925054323193
517.9652180060341,0.013822120741476563
517.9852180060342,0.013900321877163807
518.0052180060342,0.013977506244790513
518.0252180060342,0.014053612487484955
518.0452180060341,0.0141285797722493
518.0652180060341,0.014202348066712615
518.0852180060341,0.014274858104018268
518.1052180060342,0.014346051449055517
518.1252180060342,0.014415870631188868
518.1452180060342,0.0144842591936186
518.1652180060341,0.014551161751088702
518.1852180060341,0.01461652404966664
518.2052180060341,0.014680293068081298
518.2252180060342,0.014742417030649128
518.2452180060342,0.014802845524244337
518.2652180060342,0.014861529408553651
518.2852180060341,0.0149184210770521
518.3052180060341,0.01497347437823153
518.3252180060341,0.01502664465569642
518.3452180060342,0.01507788884359365
518.3652180060342,0.01512716548231976
518.3852180060342,0.015174434772956642
518.4052180060341,0.015219658562494777
518.4252180060341,0.015262800466506861
518.4452180060341,0.015303825806460019
518.4652180060341,0.015342701699704265
518.4852280060342,0.01537941485701765
518.5052280060341,0.015413899337425695
518.5252280060341,0.015446146639143754
518.5452280060341,0.015476131167087936
518.5652280060342,0.01550382934168848
518.5852280060342,0.015529219328765371
518.6052280060342,0.015552281347142084
518.6252280060341,0.01557299748969539
518.6452280060341,0.015591351741343563
518.6652280060341,0.015607330053774212
518.6852280060341,0.01562092033431545
518.7052280060342,0.01563211242746877
518.7252280060342,0.015640898113188875
518.7452280060342,0.015647271132474858
518.7652280060341,0.015651227181086122
518.7852280060341,0.015652763936711285
518.8052280060341,0.015651880816933205
518.8252280060342,0.015648579366521583
518.8452280060342,0.015642862968585993
518.8652280060342,0.015634736884417876
518.8852280060341,0.015624208284434274
518.9052280060341,0.015611286190498164
518.9252280060341,0.015595981490546503
518.9452280060342,0.01557830685603904
518.9652280060342,0.015558276813589775
518.9852280060342,0.015535907622992525
519.0052280060341,0.015511217310030091
519.0252380060341,0.015484211557310598
519.0452380060342,0.015454938811187513
519.0652380060342,0.015423409203228319
519.0852380060342,0.015389647455233269
519.1052380060341,0.015353679863092532
519.1252380060341,0.015315534203054586
519.1452380060341,0.015275239859426812
519.1652380060342,0.015232827574018535
519.1852380060342,0.015188329543572238
519.2052380060342,0.015141779291139634
519.2252380060341,0.015093211678512049
519.2452380060341,0.015042662810951905
519.2652380060341,0.014990170021239034
519.2852380060341,0.014935771734837008
519.3052380060342,0.01487950756090431
519.3252380060342,0.014821418146841233
519.3452380060342,0.014761544943010364
519.3652380060341,0.01469993054039999
519.3852380060341,0.0146366182630981
519.4052380060341,0.014571652271439346
519.4252380060342,0.014505077458594034
519.4452380060342,0.014436939392996685
519.4652380060342,0.014367284229178911
519.4852380060341,0.014296158702516847
519.5052380060341,0.014223610007132705
519.5252380060341,0.014149685765996118
519.5452380060342,0.01407443395739243
519.5652480060342,0.013997864302862711
519.5852480060341,0.013920101839562937
519.6052480060341,0.013841157306972121
519.6252480060341,0.013761079521864629
519.6452480060342,0.013679917312303702
519.6652480060342,0.013597719561099028
519.6852480060342,0.013514535055811853
519.7052480060341,0.013430412492997713
519.7252480060341,0.013345400384535784
519.7452480060341,0.013259547048968838
519.7652480060342,0.013172900537205177
519.7852480060342,0.013085508592892762
519.8052480060342,0.01299741859220274
519.8252480060341,0.012908677556256102
519.8452480060341,0.012819332070368986
519.8652480060341,0.012729428170312128
519.8852480060341,0.01263901148110061
519.9052480060342,0.01254812704757671
519.9252480060342,0.012456819355472284
519.9452480060341,0.012365132301495593
519.9652480060341,0.012273109154410239
519.9852480060341,0.012180792548425507
520.0052480060341,0.012088224456003408
520.0252480060342,0.011995446173507562
520.0452480060342,0.01190249830338321
520.0652480060342,0.011809420743033525
520.0852580060341,0.011716206081060814
520.1052580060341,0.011622985948052694
520.1252580060342,0.01152975150728653
520.1452580060342,0.011436539768008867
520.1652580060342,0.011343386973981356
520.1852580060341,0.011250328657020523
520.2052580060341,0.011157399600281786
520.2252580060341,0.01106463384497167
520.2452580060342,0.010972064728068592
520.2652580060342,0.01087972484070138
520.2852580060342,0.010787646063405057
520.3052580060341,0.010695859565073096
520.3252580060341,0.01060439581536099
520.3452580060341,0.01051328457627955
520.3652580060342,0.010422554945139691
520.3852580060342,0.010332235326329481
520.4052580060342,0.010242353474726702
520.4252580060341,0.010152936482415996
520.4452580060341,0.010064010790915894
520.4652580060341,0.00997560222305962
520.4852580060342,0.009887735970066714
520.5052580060342,0.0098004366118111
520.5252580060342,0.009713728119582585
520.5452580060341,0.009627633885040881
520.5652580060341,0.009542176699162028
520.5852580060341,0.0094573787881612
520.6052580060341,0.009373261805319628
520.6252680060342,0.009289805324343729
520.6452680060341,0.009207113279189156
520.6652680060341,0.009125163807068884
520.6852680060341,0.009043976337824368
520.7052680060342,0.00896356978613545
520.7252680060342,0.008883962540758364
520.7452680060342,0.00880517241614661
520.7652680060341,0.008727216748424235
520.7852680060341,0.008650112314670064
520.8052680060341,0.008573875382522703
520.8252680060341,0.008498521683049171
520.8452680060342,0.008424066429379097
520.8652680060342,0.008350524288710555
520.8852680060342,0.008277909436085851
520.9052680060341,0.008206235475867282
520.9252680060341,0.0081355154797791
520.9452680060341,0.008065762053530334
520.9652680060342,0.007996987172462652
520.9852680060342,0.007929202332301672
521.0052680060342,0.007862418461904096
521.0252680060341,0.007796645947639765
521.0452680060341,0.0077318946169816945
521.0652680060341,0.007668173765484366
521.0852680060342,0.007605492106336333
521.1052680060342,0.0075438578117246755
521.1252680060342,0.0074832784844339586
521.1452680060341,0.007423761168845562
521.1652780060341,0.007365283369161675
521.1852780060342,0.0073079094400957225
521.2052780060342,0.007251615250070058
521.2252780060342,0.007196405533899272
521.2452780060341,0.007142284529167272
521.2652780060341,0.007089255837014167
521.2852780060341,0.007037322521719715
521.3052780060342,0.00698648709083533
521.3252780060342,0.006936751488225268
521.3452780060342,0.006888117088634036
521.3652780060341,0.006840584718929142
521.3852780060341,0.006794154662312136
521.4052780060341,0.006748826656525761
521.4252780060342,0.00670459989184982
521.4452780060342,0.006661473013156212
521.4652780060342,0.006619444236024142
521.4852780060342,0.006578511168241338
521.5052780060341,0.006538670947311737
521.5252780060341,0.006499920232801837
521.5452780060341,0.006462255189677399
521.5652780060342,0.00642567152362627
521.5852780060342,0.006390164474547554
521.6052780060342,0.006355728857488961
521.6252780060341,0.0063223590357882106
521.6452780060341,0.006290048975150206
521.6652780060341,0.006258792232880877
521.6852880060342,0.006228567136289326
521.7052880060342,0.006199396686354553
521.7252880060341,0.0061712579579840205
521.7452880060341,0.006144143070473896
521.7652880060341,0.006118043773958105
521.7852880060342,0.006092951567781057
521.8052880060342,0.006068857597208584
521.8252880060342,0.0060457527592998285
521.8452880060341,0.006023627687011983
521.8652880060341,0.0060024727703406056
521.8852880060341,0.005982278153605586
521.9052880060342,0.005963033768860876
521.9252880060342,0.005944729348328404
521.9452880060342,0.005927354436565611
521.9652880060341,0.005910898385426879
521.9852880060341,0.005895350374083809
522.0052880060341,0.005880699515674557
522.0252880060342,0.005866934695278528
522.0452880060342,0.00585404470712531
522.0652880060342,0.005842018238063484
522.0852880060341,0.005830843862181221
522.1052880060341,0.005820510066427147
522.1252880060341,0.005811005248459574
522.1452880060341,0.005802317743217261
522.1652880060342,0.005794435802249662
522.1852880060342,0.00578734763137418
522.2052880060342,0.005781041377677978
522.2252980060341,0.005775502562655924
522.2452980060341,0.005770724770953872
522.2652980060342,0.005766693073347846
522.2852980060342,0.005763395449931422
522.3052980060341,0.005760819853063984
522.3252980060341,0.005758954223681711
522.3452980060341,0.005757786439710399
522.3652980060341,0.005757304388114751
522.3852980060342,0.005757495908331973
522.4052980060342,0.005758348830779582
522.4252980060342,0.005759850947003525
522.4452980060341,0.005761990026749863
522.4652980060341,0.00576475380301774
522.4852980060341,0.00576812999784158
522.5052980060342,0.005772106266802752
522.5252980060342,0.005776670231727317
522.5452980060342,0.005781809530904575
522.5652980060341,0.005787511685376299
522.5852980060341,0.0057937642112216225
522.6052980060341,0.0058005545592760355
522.6252980060342,0.005807870126627036
522.6452980060342,0.005815698247225536
522.6652980060342,0.005824026200479474
522.6852980060341,0.005832841184056601
522.7052980060341,0.005842130332175492
522.7252980060341,0.0058518806974571175
522.7452980060341,0.005862079252919294
522.7653080060342,0.005872718296754264
522.7853080060341,0.005883773997411478
522.8053080060341,0.005895238263416361
522.8253080060341,0.005907097691694488
522.8453080060342,0.00591933879603848
522.8653080060342,0.005931947965801771
522.8853080060342,0.005944911497873922
522.9053080060341,0.005958215574482886
522.9253080060341,0.005971846274043472
522.9453080060341,0.005985789556498022
522.9653080060341,0.006000031270868174
522.9853080060342,0.006014557152735363
523.0053080060342,0.006029352828915602
523.0253080060342,0.006044403798875003
523.0453080060341,0.006059695451192494
523.0653080060341,0.006075213092269707
523.0853080060341,0.006090941883701436
523.1053080060342,0.006106866898127711
523.1253080060342,0.006122973100337204
523.1453080060342,0.0061392453544982075
523.1653080060341,0.006155668429899835
523.1853080060341,0.006172227003817446
523.2053080060341,0.006188905668325137
523.2253080060342,0.006205688932223714
523.2453080060342,0.00622256123248392
523.2653080060342,0.006239506937162832
523.2853180060341,0.006256518862621778
523.3053180060341,0.006273564266203744
523.3253180060342,0.006290635836013991
523.3453180060342,0.006307717753354903
523.3653180060342,0.006324794159770719
523.3853180060341,0.006341849188603533
523.4053180060341,0.00635886696670346
523.4253180060341,0.0063758316137880935
523.4453180060342,0.006392727272860841
523.4653180060342,0.006409538108459879
523.4853180060342,0.006426248321349108
523.5053180060341,0.006442842158402276
523.5253180060341,0.006459303932543276
523.5453180060341,0.006475618019500096
523.5653180060342,0.006491768884738355
523.5853180060342,0.006507741090564032
523.6053180060342,0.006523519304547903
523.6253180060341,0.006539088325458899
523.6453180060341,0.006554433078018839
523.6653180060341,0.006569538640645732
523.6853180060341,0.006584390251548789
523.7053180060342,0.006598973327607204
523.7253180060342,0.006613273466867106
523.7453180060342,0.006627276476152785
523.7653180060341,0.00664096837112304
523.7853180060341,0.006654335397086956
523.8053180060341,0.00666736403752056
523.8253280060342,0.006680047282092588
523.8453280060342,0.0066923594590636805
523.8653280060341,0.006704294263658218
523.8853280060341,0.006715839284384216
523.9053280060341,0.006726982380552819
523.9253280060342,0.006737711753334315
523.9453280060342,0.0067480159196127605
523.9653280060342,0.006757883726123816
523.9853280060341,0.006767304372585295
524.0053280060341,0.006776267419398921
524.0253280060341,0.006784762793545833
524.0453280060342,0.006792780797485197
524.0653280060342,0.0068003121260053175
524.0853280060342,0.006807347870213786
524.1053280060341,0.006813879535333828
524.1253280060341,0.006819899005343242
524.1453280060341,0.006825398620386355
524.1653280060342,0.006830371139340148
524.1853280060342,0.006834809746794494
524.2053280060342,0.006838708075312952
524.2253280060341,0.006842060199390193
524.2453280060341,0.006844860650189876
524.2653280060341,0.006847104402511907
524.2853280060341,0.0068487869042278575
524.3053280060342,0.0068499040543881186
524.3253280060342,0.006850452221585518
524.3453380060341,0.006850428084414692
524.3653380060341,0.006849828973064092
524.3853380060341,0.006848652793427081
524.4053380060342,0.006846897775990735
524.4253380060342,0.0068445626495255915
524.4453380060341,0.006841646573449422
524.4653380060341,0.00683814921007674
524.4853380060341,0.006834070669911278
524.5053380060341,0.006829411522050973
524.5253380060342,0.006824172794371984
524.5453380060342,0.006818355974971463
524.5653380060342,0.006811962998743777
524.5853380060341,0.006804996242763463
524.6053380060341,0.006797458523209446
524.6253380060341,0.006789353097532837
524.6453380060342,0.006780683655641496
524.6653380060342,0.006771454257412934
524.6853380060342,0.006761669425751022
524.7053380060341,0.006751334066043204
524.7253380060341,0.0067404534718261515
524.7453380060341,0.006729033326069991
524.7653380060342,0.006717079681190531
524.7853380060342,0.006704598956590355
524.8053380060342,0.006691597914352756
524.8253380060341,0.006678083668925927
524.8453380060341,0.006664063654095768
524.8653380060341,0.006649545624397222
524.8853480060342,0.006634530015059858
524.9053480060342,0.006619040187949747
524.9253480060341,0.006603077386587544
524.9453480060341,0.006586650508113082
524.9653480060341,0.006569768703813365
524.9853480060342,0.006552441348693605
525.0053480060342,0.006534678066181462
525.0253480060342,0.006516488671752219
525.0453480060341,0.006497883187020313
525.0653480060341,0.006478871807995865
525.0853480060341,0.00645946490615106
525.1053480060341,0.006439673003801408
525.1253480060342,0.006419506766464248
525.1453480060342,0.006398976974134522
525.1653480060342,0.006378094537031884
525.1853480060341,0.006356870461623257
525.2053480060341,0.006335315801124717
525.2253480060341,0.00631344172384559
525.2453480060342,0.006291259428348252
525.2653480060342,0.006268780162834966
525.2853480060342,0.006246015203399456
525.3053480060341,0.006222975842966833
525.3253480060341,0.00619967337259635
525.3453480060341,0.006176119079650511
525.3653480060342,0.006152324225208892
525.3853480060342,0.006128300038059926
525.4053480060342,0.006104057700668084
525.4253580060341,0.006079596069659048
525.4453580060341,0.0060549506502492806
525.4653580060342,0.00603012025276716
525.4853580060342,0.006005115771269786
525.5053580060342,0.005979947996690935
525.5253580060341,0.005954627620622909
525.5453580060341,0.005929165213144041
525.5653580060341,0.005903571223713207
525.5853580060342,0.005877855965483417
525.6053580060342,0.0058520296152850815
525.6253580060342,0.0058261022023560005
525.6453580060341,0.0058000836030146
525.6653580060341,0.00577398353099991
525.6853580060341,0.005747811542041008
525.7053580060342,0.005721577020628202
525.7253580060342,0.005695289163979967
525.7453580060342,0.005668957005239146
525.7653580060341,0.0056425893859941584
525.7853580060341,0.005616194964182212
525.8053580060341,0.005589782207264292
525.8253580060341,0.005563359390626083
525.8453580060342,0.005536934593846822
525.8653580060342,0.005510515701845407
525.8853580060342,0.005484110400454852
525.9053580060341,0.005457726177102702
525.9253580060341,0.005431370319499229
525.9453680060342,0.0054050367664033
525.9653680060342,0.005378758725339826
525.9853680060342,0.005352529714304797
526.0053680060341,0.005326356225134946
526.0253680060341,0.005300244543762858
526.0453680060341,0.00527420076605379
526.0653680060342,0.005248230786533548
526.0853680060342,0.005222340305962845
526.1053680060342,0.005196534836173978
526.1253680060341,0.005170819695622896
526.1453680060341,0.0051452000148104055
526.1653680060341,0.005119680738597679
526.1853680060342,0.005094266629355632
526.2053680060342,0.005068962266753483
526.2253680060342,0.005043772054646552
526.2453680060341,0.005018700219029485
526.2653680060341,0.004993750821020088
526.2853680060341,0.004968927747036501
526.3053680060342,0.004944234718531664
526.3253680060342,0.0049196752981449775
526.3453680060342,0.004895252887628101
526.3653680060341,0.004870970734688739
526.3853680060341,0.004846831933551377
526.4053680060341,0.004822839433394865
526.4253680060342,0.004798996035133889
526.4453680060342,0.004775304400888978
526.4653680060342,0.004751767054322471
526.4853780060341,0.004728374734713648
526.5053780060341,0.004705153078383244
526.5253780060341,0.004682092491781547
526.5453780060342,0.004659194979377707
526.5653780060342,0.004636462428324112
526.5853780060341,0.004613896611458891
526.6053780060341,0.00459149917900741
526.6253780060341,0.004569271680001881
526.6453780060341,0.00454721555039608
526.6653780060342,0.004525332125373667
526.6853780060342,0.004503622636521062
526.7053780060342,0.004482088218932898
526.7253780060341,0.0044607299092192165
526.7453780060341,0.004439548658634853
526.7653780060341,0.00441854532043766
526.7853780060342,0.004397720661386607
526.8053780060342,0.0043770753791092165
526.8253780060342,0.0043566100704343315
526.8453780060341,0.004336325265619623
526.8653780060341,0.004316221414381983
526.8853780060341,0.004296298893530929
526.9053780060342,0.004276558006993562
526.9253780060342,0.004256998993362201
526.9453780060342,0.004237622020149777
526.9653780060341,0.004218427193231727
526.9853780060341,0.0041994145550908225
527.0053780060341,0.004180584088600163
527.0253880060342,0.004161926436556843
527.0453880060342,0.0041434601155279326
527.0653880060341,0.004125175572415756
527.0853880060341,0.0041070725629474515
527.1053880060341,0.004089150803673034
527.1253880060342,0.004071409951519823
527.1453880060342,0.00405384962102893
527.1653880060342,0.004036469382937381
527.1853880060341,0.004019268764085134
527.2053880060341,0.0040022472476506435
527.2253880060341,0.003985404277513719
527.2453880060341,0.003968739259711887
527.2653880060342,0.003952251562894002
527.2853880060342,0.003935940518154962
527.3053880060341,0.003919805419753645
527.3253880060341,0.003903845545033293
527.3453880060341,0.003888060123900287
527.3653880060341,0.003872448362351863
527.3853880060342,0.0038570094403405615
527.4053880060342,0.0038417425091453812
527.4253880060342,0.0038266466959996966
527.4453880060341,0.0038117211033426857
527.4653880060341,0.003796964814054444
527.4853880060341,0.0037823768868793096
527.5053880060342,0.0037679563637311444
527.5253880060342,0.0037537022675104195
527.5453980060341,0.0037396066017128487
527.5653980060341,0.0037256824447971628
527.5853980060341,0.003711921688013095
527.6053980060342,0.003698323299009194
527.6253980060342,0.0036848862270048737
527.6453980060342,0.0036716094210387383
527.6653980060341,0.003658491812102873
527.6853980060341,0.003645532328400336
527.7053980060341,0.0036327298929018127
527.7253980060342,0.0036200834240581567
527.7453980060342,0.0036075918353062697
527.7653980060342,0.0035952540388730966
527.7853980060341,0.0035830689468324788
527.8053980060341,0.003571035471700998
527.8253980060341,0.00355915252541413
527.8453980060342,0.0035474190206994213
527.8653980060342,0.0035358338878815595
527.8853980060342,0.0035243960480165286
527.9053980060341,0.003513104433850518
527.9253980060341,0.0035019579871329886
527.9453980060341,0.003490955656698687
527.9653980060341,0.0034800964020703525
527.9853980060342,0.0034693791928870413
528.0053980060342,0.0034588030130156227
528.0253980060342,0.0034483668565913625
528.0453980060341,0.0034380697341028455
528.0653980060341,0.003427910670127862
528.0854080060342,0.0034178837289522757
528.1054080060342,0.003407997987981415
528.1254080060341,0.0033982474802863863
528.1454080060341,0.003388631298343695
528.1654080060341,0.003379148555852676
528.1854080060341,0.0033697983892249602
528.2054080060342,0.0033605799490800015
528.2254080060342,0.003351492414862932
528.2454080060342,0.0033425349838831185
528.2654080060341,0.0033337068793208705
528.2854080060341,0.003325007345796556
528.3054080060341,0.0033164356531312678
528.3254080060342,0.0033079910937345207
528.3454080060342,0.0032996729895282827
528.3654080060342,0.0032914806815138157
528.3854080060341,0.003283413536851732
528.4054080060341,0.0032754709596887793
528.4254080060341,0.003267652366007001
528.4454080060342,0.0032599572072972757
528.4654080060342,0.003252384958670539
528.4854080060342,0.0032449351227443564
528.5054080060341,0.0032376072280241933
528.5254080060341,0.0032304008326768598
528.5454080060341,0.0032233155188138058
528.5654080060342,0.003216350897820176
528.5854080060342,0.003209506606938279
528.6054080060342,0.0032027823110541034
528.6254180060341,0.003196174427069113
528.6454180060341,0.003189689276682655
528.6654180060342,0.0031833232735956336
528.6854180060342,0.003177076183303791
528.7054180060342,0.003170947804839649
528.7254180060341,0.0031649379547085098
528.7454180060341,0.003159046477338153
528.7654180060341,0.0031532732421190902
528.7854180060341,0.0031476181418389013
528.8054180060342,0.0031420810911948513
528.8254180060342,0.0031366620279573813
528.8454180060342,0.003131360912252202
528.8654180060341,0.003126177724974385
528.8854180060341,0.0031211124661736475
528.9054180060341,0.0031161651538859163
528.9254180060342,0.0031113358344077766
528.9454180060342,0.0031066245618830823
528.9654180060342,0.0031020314107604633
528.9854180060341,0.003097556473213311
529.0054180060341,0.0030931998550595505
529.0254180060341,0.003088961677091521
529.0454180060342,0.0030848420723207128
529.0654180060342,0.00308084118808379
529.0854180060342,0.003076959179942673
529.1054180060341,0.003073196215698728
529.1254180060341,0.0030695524707507788
529.1454280060342,0.0030660263967246656
529.1654280060342,0.00306262170587774
529.1854280060342,0.003059336800618408
529.2054280060341,0.003056171881918998
529.2254280060341,0.0030531271466464425
529.2454280060341,0.0030502028010106967
529.2654280060342,0.0030473990431243536
529.2854280060342,0.003044716072752061
529.3054280060342,0.0030421540872901387
529.3254280060341,0.003039713279343856
529.3454280060341,0.003037393834207138
529.3654280060341,0.0030351959302458826
529.3854280060341,0.003033119737316389
529.4054280060342,0.0030311654142709194
529.4254280060342,0.0030293331066158554
529.4454280060341,0.003027622944438589
529.4654280060341,0.003026035052323133
529.4854280060341,0.0030245695276779976
529.5054280060341,0.003023226452801478
529.5254280060342,0.00302200589173808
529.5454280060342,0.0030209078853955934
529.5654280060342,0.003019932452503743
529.5854280060341,0.0030190795861271017
529.6054280060341,0.0030183492555377147
529.6254280060341,0.0030177413994695837
529.6454280060342,0.003017255929862958
529.6654280060342,0.003016892726894381
529.6854380060341,0.003016651549257439
529.7054380060341,0.003016532450684038
529.7254380060341,0.003016535062424407
529.7454380060342,0.0030166591261657663
529.7654380060342,0.003016904347358842
529.7854380060342,0.0030172703946947767
529.8054380060341,0.0030177568901754866
529.8254380060341,0.0030183634206844157
529.8454380060341,0.0030190895260526728
529.8654380060342,0.003019934704908544
529.8854380060342,0.003020898408619635
529.9054380060342,0.0030219800433713964
529.9254380060341,0.0030231789663092467
529.9454380060341,0.003024494490470882
529.9654380060341,0.003025925873812891
529.9854380060342,0.0030274723247014452
530.0054380060342,0.0030291330109014107
530.0254380060342,0.003030907035185993
530.0454380060341,0.0030327934563388736
530.0654380060341,0.0030347912775611713
530.0854380060341,0.0030368994492435256
530.1054380060341,0.0030391168672399336
530.1254380060342,0.0030414423755273003
530.1454380060342,0.003043874760935301
530.1654380060342,0.003046412757643138
530.1854380060341,0.003049055044166548
530.2054380060341,0.0030518002448899134
530.2254480060342,0.003054648375098747
530.2454480060342,0.0030575951035736863
530.2654480060341,0.0030606402882762487
530.2854480060341,0.003063782332212845
530.3054480060341,0.00306701958918353
530.3254480060341,0.003070350353813692
530.3454480060342,0.003073772870637849
530.3654480060342,0.0030772853306806802
530.3854480060342,0.0030808858738340743
530.4054480060341,0.0030845725870896545
530.4254480060341,0.0030883435072280425
530.4454480060341,0.0030921966213010663
530.4654480060342,0.0030961298679949806
530.4854480060342,0.003100141135336379
530.5054480060342,0.0031042282637996975
530.5254480060341,0.003108389055869839
530.5454480060341,0.0031126212599082966
530.5654480060341,0.0031169225846873084
530.5854480060342,0.0031212906963376755
530.6054480060342,0.0031257232193689175
530.6254480060342,0.00313021773910981
530.6454480060341,0.0031347718022161027
530.6654480060341,0.0031393829193082003
530.6854480060341,0.003144048564711863
530.7054480060342,0.003148766179939889
530.7254480060342,0.0031535331740598837
530.7454580060341,0.0031583493431359927
530.7654580060341,0.003163207223753726
530.7854580060341,0.0031681065339499094
530.8054580060342,0.0031730445709938953
530.8254580060342,0.0031780186093833224
530.8454580060342,0.0031830259023087346
530.8654580060341,0.003188063681941136
530.8854580060341,0.0031931291641435393
530.9054580060341,0.003198219547361239
530.9254580060342,0.0032033320173518497
530.9454580060342,0.0032084637469420073
530.9654580060342,0.003213611899018777
530.9854580060342,0.0032187736281463343
531.0054580060341,0.0032239460838698235
531.0254580060341,0.003229126409224318
531.0454580060341,0.0032343117459433827
531.0654580060342,0.003239499238169333
531.0854580060342,0.003244686028254002
531.1054580060342,0.0032498692650572755
531.1254580060341,0.0032550461018802496
531.1454580060341,0.0032602137005421127
531.1654580060341,0.003265369232881313
531.1854580060342,0.003270509883081877
531.2054580060342,0.003275632848667455
531.2254580060342,0.0032807353440215768
531.2454580060341,0.0032858146011595225
531.2654580060341,0.0032908678724775627
531.2854680060342,0.0032958949360846457
531.3054680060342,0.0033008880677287125
531.3254680060342,0.0033058471090862654
531.3454680060341,0.0033107694146368516
531.3654680060341,0.0033156523664386118
531.3854680060341,0.0033204933788817145
531.4054680060342,0.0033252899025675423
531.4254680060342,0.0033300394204966405
531.4454680060342,0.0033347394558654207
531.4654680060341,0.0033393875701474684
531.4854680060341,0.0033439813669108886
531.5054680060341,0.003348518492357954
531.5254680060341,0.003352996639283956
531.5454680060342,0.0033574135445806844
531.5654680060342,0.0033617669963430844
531.5854680060341,0.0033660548329768293
531.6054680060341,0.003370274940692232
531.6254680060341,0.00337442526522413
531.6454680060341,0.0033785038032181354
531.6654680060342,0.0033825086099487003
531.6854680060342,0.0033864377985323743
531.7054680060342,0.003390289543016138
531.7254680060341,0.00339406207668358
531.7454680060341,0.003397753697952523
531.7654680060341,0.003401362767724496
531.7854680060342,0.003404887713253568
531.8054680060342,0.00340832702787492
531.8254780060341,0.0034116809287454974
531.8454780060341,0.0034149446949135703
531.8654780060341,0.0034181187237857704
531.8854780060342,0.003421201791948439
531.9054780060342,0.0034241927417735527
531.9254780060342,0.0034270904956906984
531.9454780060341,0.0034298940480580304
531.9654780060341,0.003432602468184647
531.9854780060341,0.00343521490185034
532.0054780060342,0.003437730573041229
532.0254780060342,0.003440148783178849
532.0454780060342,0.003442468911860566
532.0654780060341,0.0034446904182723666
532.0854780060341,0.0034468128423179503
532.1054780060341,0.003448835805819388
532.1254780060342,0.0034507590033211666
532.1454780060342,0.003452582219031974
532.1654780060342,0.0034543053160528804
532.1854780060341,0.0034559282378582865
532.2054780060341,0.003457451011249385
532.2254780060341,0.003458873744463227
532.2454780060341,0.00346019662885387
532.2654780060342,0.003461419935947443
532.2854780060342,0.003462544022055927
532.3054780060341,0.003463569323398762
532.3254780060341,0.0034644963592373366
532.3454880060342,0.003465326120552565
532.3654880060342,0.003466058460712358
532.3854880060342,0.003466694582231447
532.4054880060341,0.0034672353278035854
532.4254880060341,0.0034676816242094877
532.4454880060341,0.003468034472230457
532.4654880060341,0.0034682949580539042
532.4854880060342,0.003468464243125796
532.5054880060342,0.0034685435677018384
532.5254880060342,0.0034685342482682446
532.5454880060341,0.003468437679316613
532.5654880060341,0.0034682553305720653
532.5854880060341,0.0034679887464803935
532.6054880060342,0.0034676395448198926
532.6254880060342,0.0034672094190383064
532.6454880060342,0.003466700135010819
532.6654880060341,0.0034661135219589702
532.6854880060341,0.0034654514880113852
532.7054880060341,0.0034647160063735255
532.7254880060342,0.0034639091179665825
532.7454880060342,0.0034630329308573426
532.7654880060342,0.003462089617771354
532.7854880060341,0.0034610814159728494
532.8054880060341,0.0034600106241379257
532.8254880060341,0.0034588796038544692
532.8454880060342,0.0034576907749564478
532.8654880060342,0.003456446616546071
532.8854980060341,0.0034551490037610043
532.9054980060341,0.003453801824044137
532.9254980060341,0.0034524070879996963
532.9454980060342,0.0034509674919148883
532.9654980060342,0.003449485784424606
532.9854980060342,0.003447964760428583
533.0054980060341,0.0034464072642486116
533.0254980060341,0.00344481618484126
533.0454980060341,0.0034431944545420864
533.0654980060342,0.0034415450467653623
533.0854980060342,0.0034398709755396844
533.1054980060342,0.0034381752926774703
533.1254980060341,0.0034364610850601465
533.1454980060341,0.003434731473782441
533.1654980060341,0.003432989613052534
533.1854980060341,0.0034312386861232794
533.2054980060342,0.0034294819010812754
533.2254980060342,0.003427722494433073
533.2454980060342,0.003425963724607904
533.2654980060341,0.003424208870723778
533.2854980060341,0.0034224612305038564
533.3054980060341,0.003420724117014818
533.3254980060342,0.0034190008572861147
533.3454980060342,0.0034172947891313154
533.3654980060342,0.003415609258572805
533.3854980060341,0.0034139476176227464
533.4054980060341,0.003412313221114683
533.4255080060342,0.003410708631398678
533.4455080060342,0.0034091388032323473
533.4655080060342,0.003407606277433694
533.4855080060341,0.0034061143904364805
533.5055080060341,0.0034046664719491367
533.5255080060341,0.003403265834245669
533.5455080060342,0.003401915772098853
533.5655080060342,0.0034006195622741002
533.5855080060342,0.0033993804557590425
533.6055080060341,0.0033982016766393695
533.6255080060341,0.003397086418703379
533.6455080060341,0.00339603784244585
533.6655080060342,0.003395059069222847
533.6855080060342,0.003394153181858746
533.7055080060342,0.0033933232157316237
533.7255080060341,0.003392572162764386
533.7455080060341,0.0033919029594390113
533.7655080060341,0.003391318486297381
533.7855080060341,0.003390821567101263
533.8055080060342,0.0033904149607617206
533.8255080060342,0.0033901013593585867
533.8455080060342,0.0033898833831320866
533.8655080060341,0.003389763578896369
533.8855080060341,0.003389744412024412
533.9055080060341,0.003389828266035273
533.9255080060342,0.0033900174363280387
533.9455180060341,0.0033903143025428763
533.9655180060341,0.003390720674430363
533.9855180060341,0.00339123868007723
534.0055180060341,0.003391870224177456
534.0255180060342,0.0033926170955948694
534.0455180060342,0.003393480977488325
534.0655180060342,0.0033944634272946323
534.0855180060341,0.0033955658826163274
534.1055180060341,0.0033967896545902157
534.1255180060341,0.0033981359220013655
534.1455180060342,0.0033996057256018195
534.1655180060342,0.003401199965250117
534.1855180060342,0.0034029193950633725
534.2055180060341,0.0034047646175363053
534.2255180060341,0.003406736078416192
534.2455180060341,0.003408834059837205
534.2655180060342,0.0034110586892530255
534.2855180060342,0.0034134099119640807
534.3055180060342,0.0034158875008404874
534.3255180060341,0.0034184910497619373
534.3455180060341,0.003421219964923187
534.3655180060341,0.0034240734620037444
534.3855180060341,0.0034270505596473715
534.4055180060342,0.0034301500768748553
534.4255180060342,0.003433370623212778
534.4455180060341,0.0034367105981446045
534.4655180060341,0.0034401681827104223
534.4855280060342,0.0034437431486002133
534.5055280060342,0.0034474296533200215
534.5255280060342,0.0034512269485568185
534.5455280060341,0.0034551322904504615
534.5655280060341,0.0034591426870486984
534.5855280060341,0.003463254899785822
534.6055280060341,0.003467465427748307
534.6255280060342,0.003471770510422358
534.6455280060342,0.003476166116857282
534.6655280060342,0.0034806479438100886
534.6855280060341,0.0034852114049332495
534.7055280060341,0.003489851627506137
534.7255280060341,0.003494563446847699
534.7455280060342,0.0034993413995346935
534.7655280060342,0.0035041797134922103
534.7855280060342,0.003509072304849407
534.8055280060341,0.0035140127822449927
534.8255280060341,0.0035189944189819885
534.8455280060341,0.0035240101637491906
534.8655280060342,0.003529052628134898
534.8855280060342,0.0035341140815580187
534.9055280060342,0.0035391864457245898
534.9255280060341,0.003544261288295782
534.9455280060341,0.0035493298171164773
534.9655280060341,0.003554382874961024
534.9855280060342,0.003559410933882079
535.0055280060342,0.003564404089559111
535.0255380060341,0.003569354513755253
535.0455380060341,0.0035742465976312584
535.0655380060341,0.0035790717535404376
535.0855380060342,0.0035838185369438153
535.1055380060342,0.0035884750904812608
535.1255380060342,0.003593029165773071
535.1455380060341,0.003597468115391251
535.1655380060341,0.003601778875196754
535.1855380060341,0.0036059479863726
535.2055380060342,0.0036099615816286377
535.2255380060342,0.0036138053887344018
535.2455380060342,0.0036174647295785195
535.2655380060341,0.0036209245333170166
535.2855380060341,0.003624169319576087
535.3055380060341,0.0036271832237096836
535.3255380060341,0.0036299499876302405
535.3455380060342,0.0036324529744305774
535.3655380060342,0.00363467518213102
535.3855380060342,0.0036365992354562295
535.4055380060341,0.0036382074148868073
535.4255380060341,0.0036394816606593076
535.4455380060341,0.0036404035945270764
535.4655380060342,0.0036409545230518185
535.4855380060342,0.003641115474235652
535.5055380060342,0.0036408672010175844
535.5255380060341,0.0036401902137690647
535.5455480060341,0.0036390641139447577
535.5655480060342,0.0036374701315705807
535.5855480060342,0.0036353877434398252
535.6055480060342,0.003632796720888083
535.6255480060341,0.0036296767780359066
535.6455480060341,0.003626007512831218
535.6655480060341,0.0036217685326851577
535.6855480060342,0.0036169394468393923
535.7055480060342,0.0036114998988924785
535.7255480060342,0.0036054296422441943
535.7455480060341,0.003598708574610907
535.7655480060341,0.003591316783262125
535.7855480060341,0.0035832345933434913
535.8055480060342,0.0035744426369296563
535.8255480060342,0.003564921886636175
